snapshot,snapshot_ts,node,product,site,region,ready,cordoned,allocatable_gpu,capacity_gpu,mig_resources,mig_allocatable,measurement_viable,schedulable,schedulable_with_gpu,tainted_but_ready,taints,driver_version,flag
nodes_20260804T192310Z.json,20260804T192310Z,admiralty-ncmir-mm-expanse-7d43bc97a0,,,,True,False,12,12,,0,True,False,False,True,virtual-kubelet.io/provider:NoSchedule,,capacity_no_product
nodes_20260804T192310Z.json,20260804T192310Z,hcc-chase-shor-c4719.unl.edu,,unl,us-central,True,False,0,0,,0,True,True,False,False,nvidia.com/gpu:PreferNoSchedule,,
nodes_20260804T192310Z.json,20260804T192310Z,k8s-3090-01.usd.edu,,usd,us-central,True,False,0,0,,0,True,True,False,False,nvidia.com/gpu:PreferNoSchedule,,
nodes_20260804T192310Z.json,20260804T192310Z,k8s-4090-02.calit2.optiputer.net,,atkinson-hall,us-west,True,False,0,0,,0,True,False,False,True,nautilus.io/reservation:NoSchedule;nvidia.com/gpu:PreferNoSchedule,,
nodes_20260804T192310Z.json,20260804T192310Z,k8s-haosu-02.sdsc.optiputer.net,,sdsc,us-west,False,True,8,8,,0,True,False,False,False,nautilus.io/issue:NoSchedule;nvidia.com/gpu:PreferNoSchedule;node.kubernetes.io/unreachable:NoSchedule;node.kubernetes.io/unreachable:NoExecute;node.kubernetes.io/unschedulable:NoSchedule,,capacity_no_product
nodes_20260804T192310Z.json,20260804T192310Z,k8s-haosu-06.sdsc.optiputer.net,,sdsc,us-west,False,True,0,0,,0,True,False,False,False,nautilus.io/issue:NoSchedule;nvidia.com/gpu:PreferNoSchedule;node.kubernetes.io/unschedulable:NoSchedule;node.kubernetes.io/not-ready:NoSchedule;node.kubernetes.io/not-ready:NoExecute,,
nodes_20260804T192310Z.json,20260804T192310Z,k8s-haosu-12.sdsc.optiputer.net,,sdsc,us-west,False,True,5,5,,0,True,False,False,False,nautilus.io/issue:NoSchedule;nvidia.com/gpu:PreferNoSchedule;node.kubernetes.io/not-ready:NoSchedule;node.kubernetes.io/not-ready:NoExecute;node.kubernetes.io/unschedulable:NoSchedule,,capacity_no_product
nodes_20260804T192310Z.json,20260804T192310Z,k8s-haosu-17.sdsc.optiputer.net,,sdsc,us-west,False,True,5,6,,0,True,False,False,False,nautilus.io/issue:NoSchedule;nvidia.com/gpu:PreferNoSchedule;remediation.medik8s.io/self-node-remediation:NoSchedule;node.kubernetes.io/unreachable:NoSchedule;node.kubernetes.io/unreachable:NoExecute;node.kubernetes.io/unschedulable:NoSchedule,,capacity_no_product
nodes_20260804T192310Z.json,20260804T192310Z,k8s-haosu-21.sdsc.optiputer.net,,sdsc,us-west,False,True,8,8,,0,True,False,False,False,nautilus.io/issue:NoSchedule;nvidia.com/gpu:PreferNoSchedule;node.kubernetes.io/unschedulable:NoSchedule;node.kubernetes.io/not-ready:NoSchedule;node.kubernetes.io/not-ready:NoExecute,,capacity_no_product
nodes_20260804T192310Z.json,20260804T192310Z,k8s-haosu-22.sdsc.optiputer.net,,sdsc,us-west,True,False,0,0,,0,True,False,False,True,nvidia.com/gpu:PreferNoSchedule;remediation.medik8s.io/self-node-remediation:NoSchedule,,
nodes_20260804T192310Z.json,20260804T192310Z,k8s-haosu-23.sdsc.optiputer.net,,sdsc,us-west,False,True,8,8,,0,True,False,False,False,nautilus.io/issue:NoSchedule;nvidia.com/gpu:PreferNoSchedule;node.kubernetes.io/not-ready:NoSchedule;node.kubernetes.io/not-ready:NoExecute;node.kubernetes.io/unschedulable:NoSchedule,,capacity_no_product
nodes_20260804T192310Z.json,20260804T192310Z,node-2-1.sdsc.optiputer.net,,sdsc,us-west,True,False,0,0,,0,True,True,False,False,nvidia.com/gpu:PreferNoSchedule,,
nodes_20260804T192310Z.json,20260804T192310Z,node-2-10.sdsc.optiputer.net,,sdsc,us-west,True,False,0,0,,0,True,True,False,False,,,
nodes_20260804T192310Z.json,20260804T192310Z,nrp-fiona-001.sdmz.amnh.org,,american-museum-of-natural-history,us-east,True,False,0,0,,0,True,True,False,False,nvidia.com/gpu:PreferNoSchedule,,
nodes_20260804T192310Z.json,20260804T192310Z,prp-gpu-2.t2.ucsd.edu,,sdsc,us-west,False,False,0,0,,0,True,False,False,False,node.kubernetes.io/unreachable:NoSchedule;node.kubernetes.io/unreachable:NoExecute,,
nodes_20260804T192310Z.json,20260804T192310Z,gpu-01.nrp.mghpcc.org,NVIDIA-A10,100-bigelow,us-east,True,False,8,8,,0,True,False,False,True,nautilus.io/hardware:NoSchedule;nvidia.com/gpu:PreferNoSchedule,595.71.05,
nodes_20260804T192310Z.json,20260804T192310Z,gpu-02.nrp.mghpcc.org,NVIDIA-A10,100-bigelow,us-east,True,False,8,8,,0,True,False,False,True,nautilus.io/hardware:NoSchedule;nvidia.com/gpu:PreferNoSchedule,595.71.05,
nodes_20260804T192310Z.json,20260804T192310Z,gpu-03.nrp.mghpcc.org,NVIDIA-A10,100-bigelow,us-east,True,False,8,8,,0,True,False,False,True,nautilus.io/reservation:NoSchedule;nvidia.com/gpu:PreferNoSchedule,595.71.05,
nodes_20260804T192310Z.json,20260804T192310Z,gpu-04.nrp.mghpcc.org,NVIDIA-A10,100-bigelow,us-east,True,False,8,8,,0,True,False,False,True,nautilus.io/reservation:NoSchedule;nvidia.com/gpu:PreferNoSchedule,595.71.05,
nodes_20260804T192310Z.json,20260804T192310Z,gpu-05.nrp.mghpcc.org,NVIDIA-A10,100-bigelow,us-east,True,False,8,8,,0,True,False,False,True,nautilus.io/reservation:NoSchedule;nvidia.com/gpu:PreferNoSchedule,595.71.05,
nodes_20260804T192310Z.json,20260804T192310Z,gpu-06.nrp.mghpcc.org,NVIDIA-A10,100-bigelow,us-east,True,False,8,8,,0,True,False,False,True,nautilus.io/reservation:NoSchedule;nvidia.com/gpu:PreferNoSchedule,595.71.05,
nodes_20260804T192310Z.json,20260804T192310Z,gpu-07.nrp.mghpcc.org,NVIDIA-A10,100-bigelow,us-east,True,False,8,8,,0,True,False,False,True,nautilus.io/reservation:NoSchedule;nvidia.com/gpu:PreferNoSchedule,595.71.05,
nodes_20260804T192310Z.json,20260804T192310Z,gpu-08.nrp.mghpcc.org,NVIDIA-A10,100-bigelow,us-east,False,False,0,0,,0,True,False,False,False,nautilus.io/demo:PreferNoSchedule;nvidia.com/gpu:PreferNoSchedule;node.kubernetes.io/unreachable:NoSchedule;node.kubernetes.io/unreachable:NoExecute,595.71.05,
nodes_20260804T192310Z.json,20260804T192310Z,gpu-09.nrp.mghpcc.org,NVIDIA-A10,100-bigelow,us-east,True,False,8,8,,0,True,False,False,True,nautilus.io/reservation:NoSchedule;nvidia.com/gpu:PreferNoSchedule,610.43.02,
nodes_20260804T192310Z.json,20260804T192310Z,gpu-11.nrp.mghpcc.org,NVIDIA-A10,100-bigelow,us-east,True,False,8,8,,0,True,False,False,True,nautilus.io/reservation:NoSchedule;nvidia.com/gpu:PreferNoSchedule,595.71.05,
nodes_20260804T192310Z.json,20260804T192310Z,gpu-12.nrp.mghpcc.org,NVIDIA-A10,100-bigelow,us-east,True,False,8,8,,0,True,False,False,True,nautilus.io/reservation:NoSchedule;nvidia.com/gpu:PreferNoSchedule,595.71.05,
nodes_20260804T192310Z.json,20260804T192310Z,gpu-13.nrp.mghpcc.org,NVIDIA-A10,100-bigelow,us-east,True,False,8,8,,0,True,False,False,True,nautilus.io/reservation:NoSchedule;nvidia.com/gpu:PreferNoSchedule,595.71.05,
nodes_20260804T192310Z.json,20260804T192310Z,gpu-14.nrp.mghpcc.org,NVIDIA-A10,100-bigelow,us-east,True,False,7,8,,0,True,True,True,False,nvidia.com/gpu:PreferNoSchedule,595.71.05,
nodes_20260804T192310Z.json,20260804T192310Z,gpu-15.nrp.mghpcc.org,NVIDIA-A10,100-bigelow,us-east,True,False,8,8,,0,True,True,True,False,nvidia.com/gpu:PreferNoSchedule,595.71.05,
nodes_20260804T192310Z.json,20260804T192310Z,gpu-16.nrp.mghpcc.org,NVIDIA-A10,100-bigelow,us-east,True,False,8,8,,0,True,True,True,False,nvidia.com/gpu:PreferNoSchedule,595.71.05,
nodes_20260804T192310Z.json,20260804T192310Z,gpu-17.nrp.mghpcc.org,NVIDIA-A10,100-bigelow,us-east,True,False,8,8,,0,True,True,True,False,nvidia.com/gpu:PreferNoSchedule,595.71.05,
nodes_20260804T192310Z.json,20260804T192310Z,gpu-18.nrp.mghpcc.org,NVIDIA-A10,100-bigelow,us-east,True,False,8,8,,0,True,True,True,False,nvidia.com/gpu:PreferNoSchedule,595.71.05,
nodes_20260804T192310Z.json,20260804T192310Z,hcc-nrp-shor-c5805.unl.edu,NVIDIA-A10,unl,us-central,True,False,8,8,,0,True,False,False,True,nvidia.com/gpu:PreferNoSchedule;nautilus.io/reservation:NoSchedule,595.71.05,
nodes_20260804T192310Z.json,20260804T192310Z,hcc-nrp-shor-c5809.unl.edu,NVIDIA-A10,unl,us-central,True,False,8,8,,0,True,False,False,True,nautilus.io/reservation:NoSchedule;nvidia.com/gpu:PreferNoSchedule,595.71.05,
nodes_20260804T192310Z.json,20260804T192310Z,hcc-nrp-shor-c5813.unl.edu,NVIDIA-A10,unl,us-central,True,False,8,8,,0,True,False,False,True,nautilus.io/reservation:NoSchedule;nvidia.com/gpu:PreferNoSchedule,595.71.05,
nodes_20260804T192310Z.json,20260804T192310Z,hcc-nrp-shor-c5817.unl.edu,NVIDIA-A10,unl,us-central,True,False,8,8,,0,True,False,False,True,nautilus.io/reservation:NoSchedule;nvidia.com/gpu:PreferNoSchedule,595.71.05,
nodes_20260804T192310Z.json,20260804T192310Z,hcc-nrp-shor-c5821.unl.edu,NVIDIA-A10,unl,us-central,True,False,8,8,,0,True,False,False,True,nautilus.io/reservation:NoSchedule;nvidia.com/gpu:PreferNoSchedule,595.71.05,
nodes_20260804T192310Z.json,20260804T192310Z,hcc-nrp-shor-c5825.unl.edu,NVIDIA-A10,unl,us-central,True,False,8,8,,0,True,True,True,False,nvidia.com/gpu:PreferNoSchedule,595.71.05,
nodes_20260804T192310Z.json,20260804T192310Z,hcc-nrp-shor-c5905.unl.edu,NVIDIA-A10,unl,us-central,True,False,8,8,,0,True,True,True,False,nvidia.com/gpu:PreferNoSchedule,595.71.05,
nodes_20260804T192310Z.json,20260804T192310Z,hcc-nrp-shor-c5909.unl.edu,NVIDIA-A10,unl,us-central,True,False,8,8,,0,True,True,True,False,nvidia.com/gpu:PreferNoSchedule,595.71.05,
nodes_20260804T192310Z.json,20260804T192310Z,hcc-nrp-shor-c5913.unl.edu,NVIDIA-A10,unl,us-central,True,False,8,8,,0,True,True,True,False,nvidia.com/gpu:PreferNoSchedule,595.71.05,
nodes_20260804T192310Z.json,20260804T192310Z,hcc-nrp-shor-c5917.unl.edu,NVIDIA-A10,unl,us-central,True,False,8,8,,0,True,True,True,False,nvidia.com/gpu:PreferNoSchedule,595.71.05,
nodes_20260804T192310Z.json,20260804T192310Z,hcc-nrp-shor-c5921.unl.edu,NVIDIA-A10,unl,us-central,True,False,8,8,,0,True,True,True,False,nvidia.com/gpu:PreferNoSchedule,595.71.05,
nodes_20260804T192310Z.json,20260804T192310Z,hcc-nrp-shor-c5925.unl.edu,NVIDIA-A10,unl,us-central,True,False,8,8,,0,True,True,True,False,nvidia.com/gpu:PreferNoSchedule,595.71.05,
nodes_20260804T192310Z.json,20260804T192310Z,hcc-nrp-shor-c6009.unl.edu,NVIDIA-A10,unl,us-central,True,False,8,8,,0,True,True,True,False,nvidia.com/gpu:PreferNoSchedule,595.71.05,
nodes_20260804T192310Z.json,20260804T192310Z,hcc-nrp-shor-c6013.unl.edu,NVIDIA-A10,unl,us-central,True,False,7,7,,0,True,True,True,False,nvidia.com/gpu:PreferNoSchedule,595.71.05,
nodes_20260804T192310Z.json,20260804T192310Z,hcc-nrp-shor-c6017.unl.edu,NVIDIA-A10,unl,us-central,True,False,8,8,,0,True,True,True,False,nvidia.com/gpu:PreferNoSchedule,595.71.05,
nodes_20260804T192310Z.json,20260804T192310Z,hcc-nrp-shor-c6021.unl.edu,NVIDIA-A10,unl,us-central,True,False,7,8,,0,True,True,True,False,nvidia.com/gpu:PreferNoSchedule,595.71.05,
nodes_20260804T192310Z.json,20260804T192310Z,hcc-nrp-shor-c6025.unl.edu,NVIDIA-A10,unl,us-central,True,False,8,8,,0,True,True,True,False,nvidia.com/gpu:PreferNoSchedule,595.71.05,
nodes_20260804T192310Z.json,20260804T192310Z,hcc-nrp-shor-c6029.unl.edu,NVIDIA-A10,unl,us-central,True,False,8,8,,0,True,True,True,False,nvidia.com/gpu:PreferNoSchedule,595.71.05,
nodes_20260804T192310Z.json,20260804T192310Z,nautilus-it-gpu07.fullerton.edu,NVIDIA-A100-80GB-PCIe,fullerton,us-west,True,False,0,0,,0,True,True,False,False,nvidia.com/gpu:PreferNoSchedule,595.71.05,
nodes_20260804T192310Z.json,20260804T192310Z,nautilus-it-gpu08.fullerton.edu,NVIDIA-A100-80GB-PCIe,fullerton,us-west,True,False,0,0,,0,True,True,False,False,nvidia.com/gpu:PreferNoSchedule,595.71.05,
nodes_20260804T192310Z.json,20260804T192310Z,rci-nrp-gpu-02.sdsu.edu,NVIDIA-A100-80GB-PCIe,sdsu,us-west,True,False,0,0,nvidia.com/mig-small,0,True,True,False,False,nvidia.com/gpu:PreferNoSchedule,595.71.05,
nodes_20260804T192310Z.json,20260804T192310Z,rci-nrp-gpu-03.sdsu.edu,NVIDIA-A100-80GB-PCIe,sdsu,us-west,True,False,0,0,nvidia.com/mig-small,0,True,True,False,False,nvidia.com/gpu:PreferNoSchedule,595.71.05,
nodes_20260804T192310Z.json,20260804T192310Z,rci-nrp-gpu-04.sdsu.edu,NVIDIA-A100-80GB-PCIe,sdsu,us-west,True,False,0,0,nvidia.com/mig-small,0,True,True,False,False,nvidia.com/gpu:PreferNoSchedule,595.71.05,
nodes_20260804T192310Z.json,20260804T192310Z,rci-nrp-gpu-05.sdsu.edu,NVIDIA-A100-80GB-PCIe,sdsu,us-west,True,False,0,0,nvidia.com/mig-small,0,True,False,False,True,nautilus.io/reservation:NoSchedule;nvidia.com/gpu:PreferNoSchedule,595.71.05,
nodes_20260804T192310Z.json,20260804T192310Z,rci-nrp-gpu-06.sdsu.edu,NVIDIA-A100-80GB-PCIe,sdsu,us-west,True,False,0,0,,0,True,False,False,True,nautilus.io/reservation:NoSchedule;nvidia.com/gpu:PreferNoSchedule,595.71.05,
nodes_20260804T192310Z.json,20260804T192310Z,rci-nrp-gpu-07.sdsu.edu,NVIDIA-A100-80GB-PCIe,sdsu,us-west,True,False,0,0,,0,True,False,False,True,nautilus.io/reservation:NoSchedule;nvidia.com/gpu:PreferNoSchedule,595.71.05,
nodes_20260804T192310Z.json,20260804T192310Z,rci-nrp-gpu-08.sdsu.edu,NVIDIA-A100-80GB-PCIe,sdsu,us-west,True,False,0,0,,0,True,False,False,True,nautilus.io/reservation:NoSchedule;nvidia.com/gpu:PreferNoSchedule,595.71.05,
nodes_20260804T192310Z.json,20260804T192310Z,rci-nrp-gpu-01.sdsu.edu,NVIDIA-A100-80GB-PCIe-MIG-1g.10gb,sdsu,us-west,True,False,0,0,nvidia.com/mig-small,28,False,False,False,True,nautilus.io/reservation:NoSchedule;nvidia.com/gpu:PreferNoSchedule,595.71.05,
nodes_20260804T192310Z.json,20260804T192310Z,emporia.gp-argo.greatplains.net,NVIDIA-A100-PCIE-40GB,kanren,us-central,True,False,0,0,,0,True,True,False,False,nvidia.com/gpu:PreferNoSchedule,595.71.05,
nodes_20260804T192310Z.json,20260804T192310Z,gp-argo.usd.edu,NVIDIA-A100-PCIE-40GB,usd,us-central,True,False,0,0,,0,True,True,False,False,nvidia.com/gpu:PreferNoSchedule,595.71.05,
nodes_20260804T192310Z.json,20260804T192310Z,hcc-gpn-argo-1.unl.edu,NVIDIA-A100-PCIE-40GB,unl,us-central,True,False,0,0,,0,True,True,False,False,nvidia.com/gpu:PreferNoSchedule,595.71.05,
nodes_20260804T192310Z.json,20260804T192310Z,k8s-a100-01.suncorridor.org,NVIDIA-A100-PCIE-40GB,iron-mountain-datacenter,us-west,True,False,0,0,,0,True,True,False,False,nvidia.com/gpu:PreferNoSchedule,595.71.05,
nodes_20260804T192310Z.json,20260804T192310Z,oru.gp-argo.greatplains.net,NVIDIA-A100-PCIE-40GB,oru,us-central,True,False,0,0,,0,True,True,False,False,nvidia.com/gpu:PreferNoSchedule,595.71.05,
nodes_20260804T192310Z.json,20260804T192310Z,ren-gp-argo-01.madren.org,NVIDIA-A100-PCIE-40GB,dsu,us-central,True,False,0,0,,0,True,True,False,False,nvidia.com/gpu:PreferNoSchedule,595.71.05,
nodes_20260804T192310Z.json,20260804T192310Z,sdsmt.gp-argo.greatplains.net,NVIDIA-A100-PCIE-40GB,sdsmt,us-central,True,False,0,0,,0,True,True,False,False,nvidia.com/gpu:PreferNoSchedule,595.71.05,
nodes_20260804T192310Z.json,20260804T192310Z,sdsu.gp-argo.greatplains.net,NVIDIA-A100-PCIE-40GB,sdstate,us-central,True,False,0,0,,0,True,True,False,False,nvidia.com/gpu:PreferNoSchedule,595.71.05,
nodes_20260804T192310Z.json,20260804T192310Z,gp-engine.beocat.ksu.edu,NVIDIA-A100-SXM4-80GB,ksu,us-central,True,False,0,0,,0,True,True,False,False,nvidia.com/gpu:PreferNoSchedule,595.71.05,
nodes_20260804T192310Z.json,20260804T192310Z,gp-engine.hpc.okstate.edu,NVIDIA-A100-SXM4-80GB,osu,us-central,True,False,0,0,,0,True,True,False,False,nvidia.com/gpu:PreferNoSchedule,595.71.05,
nodes_20260804T192310Z.json,20260804T192310Z,gp-engine.usd.edu,NVIDIA-A100-SXM4-80GB,usd,us-central,True,False,0,0,,0,True,True,False,False,nvidia.com/gpu:PreferNoSchedule,595.71.05,
nodes_20260804T192310Z.json,20260804T192310Z,gpengine-uams.areon.net,NVIDIA-A100-SXM4-80GB,uams,us-central,True,False,0,0,,0,True,True,False,False,nvidia.com/gpu:PreferNoSchedule,595.71.05,
nodes_20260804T192310Z.json,20260804T192310Z,gpengine-uark.areon.net,NVIDIA-A100-SXM4-80GB,uark,us-central,True,False,0,0,,0,True,True,False,False,nvidia.com/gpu:PreferNoSchedule,595.71.05,
nodes_20260804T192310Z.json,20260804T192310Z,gpn-fiona-mizzou-1.rnet.missouri.edu,NVIDIA-A100-SXM4-80GB,mizzou,us-central,True,False,0,0,,0,True,False,False,True,nautilus.io/reservation:NoSchedule;nvidia.com/gpu:PreferNoSchedule,595.71.05,
nodes_20260804T192310Z.json,20260804T192310Z,gpn-fiona-mizzou-2.rnet.missouri.edu,NVIDIA-A100-SXM4-80GB,mizzou,us-central,True,False,0,0,,0,True,False,False,True,nautilus.io/reservation:NoSchedule;nvidia.com/gpu:PreferNoSchedule,595.71.05,
nodes_20260804T192310Z.json,20260804T192310Z,gpn-fiona-mizzou-3.rnet.missouri.edu,NVIDIA-A100-SXM4-80GB,mizzou,us-central,True,False,0,0,,0,True,False,False,True,nautilus.io/upgrading:NoSchedule;nvidia.com/gpu:PreferNoSchedule,595.71.05,
nodes_20260804T192310Z.json,20260804T192310Z,gpn-fiona-mizzou-4.rnet.missouri.edu,NVIDIA-A100-SXM4-80GB,mizzou,us-central,True,False,0,0,nvidia.com/mig-small,0,True,True,False,False,nvidia.com/gpu:PreferNoSchedule,610.43.02,
nodes_20260804T192310Z.json,20260804T192310Z,gpn-fiona-mizzou-5.rnet.missouri.edu,NVIDIA-A100-SXM4-80GB,mizzou,us-central,True,False,0,0,nvidia.com/mig-small,0,True,True,False,False,nvidia.com/gpu:PreferNoSchedule,595.71.05,
nodes_20260804T192310Z.json,20260804T192310Z,gpn-fiona-mizzou-6.rnet.missouri.edu,NVIDIA-A100-SXM4-80GB,mizzou,us-central,True,False,0,0,,0,True,True,False,False,nvidia.com/gpu:PreferNoSchedule,595.71.05,
nodes_20260804T192310Z.json,20260804T192310Z,hcc-gpengine-shor-c5303.unl.edu,NVIDIA-A100-SXM4-80GB,unl,us-central,True,False,0,0,,0,True,True,False,False,nvidia.com/gpu:PreferNoSchedule,595.71.05,
nodes_20260804T192310Z.json,20260804T192310Z,node-1-1.sdsc.optiputer.net,NVIDIA-A100-SXM4-80GB,sdsc,us-west,True,False,0,0,,0,True,True,False,False,nvidia.com/gpu:PreferNoSchedule,595.71.05,
nodes_20260804T192310Z.json,20260804T192310Z,node-1-2.sdsc.optiputer.net,NVIDIA-A100-SXM4-80GB,sdsc,us-west,True,False,0,0,,0,True,False,False,True,nautilus.io/hardware:NoSchedule;nvidia.com/gpu:PreferNoSchedule,595.71.05,
nodes_20260804T192310Z.json,20260804T192310Z,node-1-3.sdsc.optiputer.net,NVIDIA-A100-SXM4-80GB,sdsc,us-west,True,False,0,0,,0,True,True,False,False,nvidia.com/gpu:PreferNoSchedule,595.71.05,
nodes_20260804T192310Z.json,20260804T192310Z,node-1-4.sdsc.optiputer.net,NVIDIA-A100-SXM4-80GB,sdsc,us-west,False,True,0,0,,0,True,False,False,False,nautilus.io/upgrading:NoSchedule;nautilus.io/issue:NoSchedule;nvidia.com/gpu:PreferNoSchedule;node.kubernetes.io/unreachable:NoSchedule;node.kubernetes.io/unschedulable:NoSchedule;node.kubernetes.io/unreachable:NoExecute,595.71.05,
nodes_20260804T192310Z.json,20260804T192310Z,node-2-2.sdsc.optiputer.net,NVIDIA-A100-SXM4-80GB,sdsc,us-west,True,False,0,0,,0,True,True,False,False,nvidia.com/gpu:PreferNoSchedule,595.71.05,
nodes_20260804T192310Z.json,20260804T192310Z,node-2-3.sdsc.optiputer.net,NVIDIA-A100-SXM4-80GB,sdsc,us-west,True,False,0,0,,0,True,True,False,False,nvidia.com/gpu:PreferNoSchedule,595.71.05,
nodes_20260804T192310Z.json,20260804T192310Z,node-2-4.sdsc.optiputer.net,NVIDIA-A100-SXM4-80GB,sdsc,us-west,True,False,0,0,,0,True,False,False,True,nvidia.com/gpu:PreferNoSchedule;nautilus.io/hardware:NoSchedule,595.71.05,
nodes_20260804T192310Z.json,20260804T192310Z,pas.macc.net.internet2.edu,NVIDIA-A100-SXM4-80GB,i2-ann-arbor,us-east,True,False,0,0,,0,True,False,False,True,nautilus.io/reservation:NoSchedule;nvidia.com/gpu:PreferNoSchedule,595.71.05,
nodes_20260804T192310Z.json,20260804T192310Z,sphinx.sdstate.edu,NVIDIA-A100-SXM4-80GB,sdstate,us-central,True,False,0,0,,0,True,True,False,False,nvidia.com/gpu:PreferNoSchedule,595.71.05,
nodes_20260804T192310Z.json,20260804T192310Z,tu.gp-engine.greatplains.net,NVIDIA-A100-SXM4-80GB,university-of-tulsa,us-central,True,False,0,0,,0,True,True,False,False,nvidia.com/gpu:PreferNoSchedule,595.71.05,
nodes_20260804T192310Z.json,20260804T192310Z,csn-nrp-node1.csun.edu,NVIDIA-A2,csun,us-west,False,False,2,2,,0,True,False,False,False,nautilus.io/issue:NoSchedule;nvidia.com/gpu:PreferNoSchedule;node.kubernetes.io/unreachable:NoSchedule;node.kubernetes.io/unreachable:NoExecute,595.58.03,
nodes_20260804T192310Z.json,20260804T192310Z,bak-hpc1.csub.edu,NVIDIA-A40,csub,us-west,True,False,0,0,,0,True,True,False,False,nvidia.com/gpu:PreferNoSchedule,595.71.05,
nodes_20260804T192310Z.json,20260804T192310Z,k8s-usra-01.calit2.optiputer.net,NVIDIA-A40,atkinson-hall,us-west,True,False,0,0,,0,True,True,False,False,nvidia.com/gpu:PreferNoSchedule,595.71.05,
nodes_20260804T192310Z.json,20260804T192310Z,rci-nautilus01.msu.montana.edu,NVIDIA-A40,msu,us-mountain,True,False,0,0,,0,True,True,False,False,nvidia.com/gpu:PreferNoSchedule,595.71.05,
nodes_20260804T192310Z.json,20260804T192310Z,gpn-fiona-mizzou-gh1.rnet.missouri.edu,NVIDIA-GH200-480GB,mizzou,us-central,True,False,0,0,,0,True,False,False,True,nautilus.io/hardware:NoSchedule;nvidia.com/gpu:PreferNoSchedule,595.71.05,
nodes_20260804T192310Z.json,20260804T192310Z,k8s-gpu-01.calit2.optiputer.net,NVIDIA-GeForce-GTX-1080,atkinson-hall,us-west,True,False,8,8,,0,True,True,True,False,nvidia.com/gpu:PreferNoSchedule,580.159.04,
nodes_20260804T192310Z.json,20260804T192310Z,clu-fiona2.ucmerced.edu,NVIDIA-GeForce-GTX-1080-Ti,ucmerced,us-west,True,False,8,8,,0,True,True,True,False,nvidia.com/gpu:PreferNoSchedule,580.173.02,
nodes_20260804T192310Z.json,20260804T192310Z,fiona8-0.calit2.uci.edu,NVIDIA-GeForce-GTX-1080-Ti,uci,us-west,True,False,8,8,,0,True,True,True,False,nvidia.com/gpu:PreferNoSchedule,580.159.04,
nodes_20260804T192310Z.json,20260804T192310Z,fiona8-1.calit2.uci.edu,NVIDIA-GeForce-GTX-1080-Ti,uci,us-west,True,False,6,6,,0,True,True,True,False,nvidia.com/gpu:PreferNoSchedule,580.159.04,
nodes_20260804T192310Z.json,20260804T192310Z,fiona8.ucsc.edu,NVIDIA-GeForce-GTX-1080-Ti,ucsc,us-west,True,False,7,7,,0,True,True,True,False,nvidia.com/gpu:PreferNoSchedule,580.159.04,
nodes_20260804T192310Z.json,20260804T192310Z,k8s-chase-ci-01.calit2.optiputer.net,NVIDIA-GeForce-GTX-1080-Ti,atkinson-hall,us-west,True,False,6,7,,0,True,True,True,False,nvidia.com/gpu:PreferNoSchedule,580.159.04,
nodes_20260804T192310Z.json,20260804T192310Z,k8s-chase-ci-02.calit2.optiputer.net,NVIDIA-GeForce-GTX-1080-Ti,atkinson-hall,us-west,True,False,5,7,,0,True,True,True,False,nvidia.com/gpu:PreferNoSchedule,580.173.02,
nodes_20260804T192310Z.json,20260804T192310Z,k8s-chase-ci-03.calit2.optiputer.net,NVIDIA-GeForce-GTX-1080-Ti,atkinson-hall,us-west,True,False,7,7,,0,True,False,False,True,nautilus.io/issue:NoSchedule;nvidia.com/gpu:PreferNoSchedule,580.159.04,
nodes_20260804T192310Z.json,20260804T192310Z,k8s-chase-ci-04.calit2.optiputer.net,NVIDIA-GeForce-GTX-1080-Ti,atkinson-hall,us-west,True,False,6,6,,0,True,True,True,False,nvidia.com/gpu:PreferNoSchedule,580.159.04,
nodes_20260804T192310Z.json,20260804T192310Z,k8s-chase-ci-05.calit2.optiputer.net,NVIDIA-GeForce-GTX-1080-Ti,atkinson-hall,us-west,True,False,8,8,,0,True,False,False,True,nautilus.io/issue:NoSchedule;nvidia.com/gpu:PreferNoSchedule,580.159.04,
nodes_20260804T192310Z.json,20260804T192310Z,k8s-gpu-03.sdsc.optiputer.net,NVIDIA-GeForce-GTX-1080-Ti,sdsc,us-west,True,True,0,0,,0,True,False,False,False,nvidia.com/gpu:PreferNoSchedule;nautilus.io/testing:NoSchedule;nautilus.io/issue:NoSchedule;node.kubernetes.io/unschedulable:NoSchedule,580.159.04,
nodes_20260804T192310Z.json,20260804T192310Z,k8s-gpu-1.ucsc.edu,NVIDIA-GeForce-GTX-1080-Ti,ucsc,us-west,True,False,7,7,,0,True,True,True,False,nvidia.com/gpu:PreferNoSchedule,580.159.04,
nodes_20260804T192310Z.json,20260804T192310Z,k8s-gpu-2.ucsc.edu,NVIDIA-GeForce-GTX-1080-Ti,ucsc,us-west,True,False,8,8,,0,True,True,True,False,nvidia.com/gpu:PreferNoSchedule,580.159.04,
nodes_20260804T192310Z.json,20260804T192310Z,ucm-fiona01.ucmerced.edu,NVIDIA-GeForce-GTX-1080-Ti,ucmerced,us-west,False,False,6,6,,0,True,False,False,False,nvidia.com/gpu:PreferNoSchedule;node.kubernetes.io/unreachable:NoSchedule;node.kubernetes.io/unreachable:NoExecute,580.173.02,
nodes_20260804T192310Z.json,20260804T192310Z,epic001.clemson.edu,NVIDIA-GeForce-RTX-2080-Ti,clemson,us-east,True,False,7,7,,0,True,True,True,False,nvidia.com/gpu:PreferNoSchedule,595.71.05,
nodes_20260804T192310Z.json,20260804T192310Z,fiona-prg1.cesnet.cz,NVIDIA-GeForce-RTX-2080-Ti,zikova-4,eu,True,False,6,6,,0,True,True,True,False,nvidia.com/gpu:PreferNoSchedule,595.71.05,
nodes_20260804T192310Z.json,20260804T192310Z,k8s-chase-ci-10.calit2.optiputer.net,NVIDIA-GeForce-RTX-2080-Ti,atkinson-hall,us-west,True,False,8,8,,0,True,True,True,False,nvidia.com/gpu:PreferNoSchedule,595.71.05,
nodes_20260804T192310Z.json,20260804T192310Z,k8s-gpu-2.ucr.edu,NVIDIA-GeForce-RTX-2080-Ti,ucr,us-west,True,False,6,6,,0,True,False,False,True,nautilus.io/issue:NoSchedule;nvidia.com/gpu:PreferNoSchedule,595.71.05,
nodes_20260804T192310Z.json,20260804T192310Z,k8s-gpu-3.ucr.edu,NVIDIA-GeForce-RTX-2080-Ti,ucr,us-west,True,False,6,6,,0,True,False,False,True,nautilus.io/issue:NoSchedule;nvidia.com/gpu:PreferNoSchedule,595.71.05,
nodes_20260804T192310Z.json,20260804T192310Z,k8s-haosu-03.sdsc.optiputer.net,NVIDIA-GeForce-RTX-2080-Ti,sdsc,us-west,True,False,6,8,,0,True,True,True,False,nvidia.com/gpu:PreferNoSchedule,595.71.05,
nodes_20260804T192310Z.json,20260804T192310Z,k8s-haosu-05.sdsc.optiputer.net,NVIDIA-GeForce-RTX-2080-Ti,sdsc,us-west,True,False,8,8,,0,True,True,True,False,nvidia.com/gpu:PreferNoSchedule,595.71.05,
nodes_20260804T192310Z.json,20260804T192310Z,k8s-haosu-07.sdsc.optiputer.net,NVIDIA-GeForce-RTX-2080-Ti,sdsc,us-west,True,False,5,5,,0,True,True,True,False,nvidia.com/gpu:PreferNoSchedule,595.71.05,
nodes_20260804T192310Z.json,20260804T192310Z,k8s-haosu-09.sdsc.optiputer.net,NVIDIA-GeForce-RTX-2080-Ti,sdsc,us-west,True,False,8,8,,0,True,True,True,False,nvidia.com/gpu:PreferNoSchedule,595.71.05,
nodes_20260804T192310Z.json,20260804T192310Z,k8s-haosu-10.sdsc.optiputer.net,NVIDIA-GeForce-RTX-2080-Ti,sdsc,us-west,True,True,7,7,,0,True,False,False,False,nautilus.io/issue:NoSchedule;nvidia.com/gpu:PreferNoSchedule;node.kubernetes.io/unschedulable:NoSchedule,595.71.05,
nodes_20260804T192310Z.json,20260804T192310Z,k8s-haosu-11.sdsc.optiputer.net,NVIDIA-GeForce-RTX-2080-Ti,sdsc,us-west,True,False,5,5,,0,True,True,True,False,nvidia.com/gpu:PreferNoSchedule,595.71.05,
nodes_20260804T192310Z.json,20260804T192310Z,k8s-haosu-15.sdsc.optiputer.net,NVIDIA-GeForce-RTX-2080-Ti,sdsc,us-west,True,False,7,7,,0,True,True,True,False,nvidia.com/gpu:PreferNoSchedule,595.71.05,
nodes_20260804T192310Z.json,20260804T192310Z,k8s-haosu-18.sdsc.optiputer.net,NVIDIA-GeForce-RTX-2080-Ti,sdsc,us-west,True,False,7,7,,0,True,True,True,False,nvidia.com/gpu:PreferNoSchedule,595.71.05,
nodes_20260804T192310Z.json,20260804T192310Z,k8s-haosu-19.sdsc.optiputer.net,NVIDIA-GeForce-RTX-2080-Ti,sdsc,us-west,True,False,6,6,,0,True,True,True,False,nvidia.com/gpu:PreferNoSchedule,595.71.05,
nodes_20260804T192310Z.json,20260804T192310Z,nrp-g1.nysernet.org,NVIDIA-GeForce-RTX-2080-Ti,nysernet,us-east,True,False,7,7,,0,True,True,True,False,nvidia.com/gpu:PreferNoSchedule,595.71.05,
nodes_20260804T192310Z.json,20260804T192310Z,csusb-sci-103-11.csusb.edu,NVIDIA-GeForce-RTX-3090,csusb,us-west,True,False,8,8,,0,True,False,False,True,nautilus.io/reservation:NoSchedule;nvidia.com/gpu:PreferNoSchedule,595.71.05,
nodes_20260804T192310Z.json,20260804T192310Z,fiona-1.famu.edu,NVIDIA-GeForce-RTX-3090,famu,us-east,True,False,1,1,,0,True,True,True,False,nvidia.com/gpu:PreferNoSchedule,595.71.05,
nodes_20260804T192310Z.json,20260804T192310Z,gpu-02.csusb.edu,NVIDIA-GeForce-RTX-3090,csusb,us-west,True,False,7,7,,0,True,False,False,True,nautilus.io/reservation:NoSchedule;nvidia.com/gpu:PreferNoSchedule,595.71.05,
nodes_20260804T192310Z.json,20260804T192310Z,hcc-chase-shor-c4705.unl.edu,NVIDIA-GeForce-RTX-3090,unl,us-central,True,False,8,8,,0,True,False,False,True,nautilus.io/issue:NoSchedule;nvidia.com/gpu:PreferNoSchedule,595.71.05,
nodes_20260804T192310Z.json,20260804T192310Z,hcc-chase-shor-c4709.unl.edu,NVIDIA-GeForce-RTX-3090,unl,us-central,True,False,8,8,,0,True,True,True,False,nvidia.com/gpu:PreferNoSchedule,595.71.05,
nodes_20260804T192310Z.json,20260804T192310Z,hcc-chase-shor-c4715.unl.edu,NVIDIA-GeForce-RTX-3090,unl,us-central,True,False,0,0,,0,True,False,False,True,nautilus.io/testing:NoSchedule;nvidia.com/gpu:PreferNoSchedule,595.71.05,
nodes_20260804T192310Z.json,20260804T192310Z,hpc-nrp-g1.nmsu.edu,NVIDIA-GeForce-RTX-3090,uct,us-mountain,True,False,8,8,,0,True,True,True,False,nvidia.com/gpu:PreferNoSchedule,610.43.02,
nodes_20260804T192310Z.json,20260804T192310Z,k8s-3090-01.clemson.edu,NVIDIA-GeForce-RTX-3090,clemson,us-east,True,False,4,4,,0,True,True,True,False,nvidia.com/gpu:PreferNoSchedule,595.71.05,
nodes_20260804T192310Z.json,20260804T192310Z,k8s-3090-02.clemson.edu,NVIDIA-GeForce-RTX-3090,clemson,us-east,True,False,2,2,,0,True,True,True,False,nvidia.com/gpu:PreferNoSchedule,595.71.05,
nodes_20260804T192310Z.json,20260804T192310Z,k8s-chase-ci-07.calit2.optiputer.net,NVIDIA-GeForce-RTX-3090,atkinson-hall,us-west,True,False,6,6,,0,True,True,True,False,nvidia.com/gpu:PreferNoSchedule,595.71.05,
nodes_20260804T192310Z.json,20260804T192310Z,knuron.calit2.optiputer.net,NVIDIA-GeForce-RTX-3090,atkinson-hall,us-west,True,False,8,8,,0,True,True,True,False,nvidia.com/gpu:PreferNoSchedule,595.71.05,
nodes_20260804T192310Z.json,20260804T192310Z,nautilus-ext-gpu01.fullerton.edu,NVIDIA-GeForce-RTX-3090,fullerton,us-west,True,False,8,8,,0,True,False,False,True,nautilus.io/issue:NoSchedule;nvidia.com/gpu:PreferNoSchedule,595.71.05,
nodes_20260804T192310Z.json,20260804T192310Z,nautilus01.hsrn.nyu.edu,NVIDIA-GeForce-RTX-3090,nyu,us-east,True,False,3,3,,0,True,True,True,False,nvidia.com/gpu:PreferNoSchedule,595.71.05,
nodes_20260804T192310Z.json,20260804T192310Z,nrp-01.laccd.edu,NVIDIA-GeForce-RTX-3090,los-angeles-valley-college,us-west,True,False,4,4,,0,True,True,True,False,nvidia.com/gpu:PreferNoSchedule,595.71.05,
nodes_20260804T192310Z.json,20260804T192310Z,prp01.ifa.hawaii.edu,NVIDIA-GeForce-RTX-3090,hawaii,pacific,True,False,2,2,,0,True,False,False,True,nautilus.io/reservation:NoSchedule;nvidia.com/gpu:PreferNoSchedule,595.71.05,
nodes_20260804T192310Z.json,20260804T192310Z,ry-gpu-01.sdsc.optiputer.net,NVIDIA-GeForce-RTX-3090,sdsc,us-west,True,False,8,8,,0,True,True,True,False,nvidia.com/gpu:PreferNoSchedule,595.71.05,
nodes_20260804T192310Z.json,20260804T192310Z,ry-gpu-02.sdsc.optiputer.net,NVIDIA-GeForce-RTX-3090,sdsc,us-west,True,False,8,8,,0,True,True,True,False,nvidia.com/gpu:PreferNoSchedule,595.71.05,
nodes_20260804T192310Z.json,20260804T192310Z,ry-gpu-03.sdsc.optiputer.net,NVIDIA-GeForce-RTX-3090,sdsc,us-west,True,False,8,8,,0,True,True,True,False,nvidia.com/gpu:PreferNoSchedule,595.71.05,
nodes_20260804T192310Z.json,20260804T192310Z,ry-gpu-04.sdsc.optiputer.net,NVIDIA-GeForce-RTX-3090,sdsc,us-west,True,False,8,8,,0,True,False,False,True,nautilus.io/reservation:NoSchedule;nvidia.com/gpu:PreferNoSchedule,595.71.05,
nodes_20260804T192310Z.json,20260804T192310Z,ry-gpu-05.sdsc.optiputer.net,NVIDIA-GeForce-RTX-3090,sdsc,us-west,True,False,8,8,,0,True,True,True,False,nvidia.com/gpu:PreferNoSchedule,595.71.05,
nodes_20260804T192310Z.json,20260804T192310Z,ry-gpu-06.sdsc.optiputer.net,NVIDIA-GeForce-RTX-3090,sdsc,us-west,True,False,8,8,,0,True,True,True,False,nvidia.com/gpu:PreferNoSchedule,595.71.05,
nodes_20260804T192310Z.json,20260804T192310Z,ry-gpu-07.sdsc.optiputer.net,NVIDIA-GeForce-RTX-3090,sdsc,us-west,True,False,8,8,,0,True,True,True,False,nvidia.com/gpu:PreferNoSchedule,595.71.05,
nodes_20260804T192310Z.json,20260804T192310Z,ry-gpu-08.sdsc.optiputer.net,NVIDIA-GeForce-RTX-3090,sdsc,us-west,True,False,8,8,,0,True,True,True,False,nvidia.com/gpu:PreferNoSchedule,595.71.05,
nodes_20260804T192310Z.json,20260804T192310Z,ry-gpu-09.sdsc.optiputer.net,NVIDIA-GeForce-RTX-3090,sdsc,us-west,True,False,8,8,,0,True,False,False,True,nautilus.io/reservation:NoSchedule;nvidia.com/gpu:PreferNoSchedule,595.71.05,
nodes_20260804T192310Z.json,20260804T192310Z,ry-gpu-10.sdsc.optiputer.net,NVIDIA-GeForce-RTX-3090,sdsc,us-west,True,False,8,8,,0,True,False,False,True,nvidia.com/gpu:PreferNoSchedule;nautilus.io/reservation:NoSchedule,595.71.05,
nodes_20260804T192310Z.json,20260804T192310Z,ry-gpu-11.sdsc.optiputer.net,NVIDIA-GeForce-RTX-3090,sdsc,us-west,True,False,8,8,,0,True,True,True,False,nvidia.com/gpu:PreferNoSchedule,595.71.05,
nodes_20260804T192310Z.json,20260804T192310Z,ry-gpu-12.sdsc.optiputer.net,NVIDIA-GeForce-RTX-3090,sdsc,us-west,True,False,8,8,,0,True,True,True,False,nvidia.com/gpu:PreferNoSchedule,595.71.05,
nodes_20260804T192310Z.json,20260804T192310Z,ry-gpu-13.sdsc.optiputer.net,NVIDIA-GeForce-RTX-3090,sdsc,us-west,True,False,8,8,,0,True,True,True,False,nvidia.com/gpu:PreferNoSchedule,595.71.05,
nodes_20260804T192310Z.json,20260804T192310Z,ry-gpu-14.sdsc.optiputer.net,NVIDIA-GeForce-RTX-3090,sdsc,us-west,True,False,8,8,,0,True,True,True,False,nvidia.com/gpu:PreferNoSchedule,595.71.05,
nodes_20260804T192310Z.json,20260804T192310Z,suncave-0,NVIDIA-GeForce-RTX-3090,atkinson-hall,us-west,False,True,2,2,,0,True,False,False,False,nvidia.com/gpu:PreferNoSchedule;node.kubernetes.io/unreachable:NoSchedule;node.kubernetes.io/unreachable:NoExecute;node.kubernetes.io/unschedulable:NoSchedule,595.71.05,
nodes_20260804T192310Z.json,20260804T192310Z,suncave-1,NVIDIA-GeForce-RTX-3090,atkinson-hall,us-west,True,False,2,2,,0,True,True,True,False,nvidia.com/gpu:PreferNoSchedule,595.71.05,
nodes_20260804T192310Z.json,20260804T192310Z,suncave-10,NVIDIA-GeForce-RTX-3090,atkinson-hall,us-west,True,False,2,2,,0,True,True,True,False,nvidia.com/gpu:PreferNoSchedule,595.71.05,
nodes_20260804T192310Z.json,20260804T192310Z,suncave-11,NVIDIA-GeForce-RTX-3090,atkinson-hall,us-west,True,False,2,2,,0,True,True,True,False,nvidia.com/gpu:PreferNoSchedule,595.71.05,
nodes_20260804T192310Z.json,20260804T192310Z,suncave-12,NVIDIA-GeForce-RTX-3090,atkinson-hall,us-west,True,False,2,2,,0,True,True,True,False,nvidia.com/gpu:PreferNoSchedule,595.71.05,
nodes_20260804T192310Z.json,20260804T192310Z,suncave-13,NVIDIA-GeForce-RTX-3090,atkinson-hall,us-west,True,False,2,2,,0,True,True,True,False,nvidia.com/gpu:PreferNoSchedule,595.71.05,
nodes_20260804T192310Z.json,20260804T192310Z,suncave-14,NVIDIA-GeForce-RTX-3090,atkinson-hall,us-west,True,False,2,2,,0,True,True,True,False,nvidia.com/gpu:PreferNoSchedule,595.71.05,
nodes_20260804T192310Z.json,20260804T192310Z,suncave-15,NVIDIA-GeForce-RTX-3090,atkinson-hall,us-west,True,False,2,2,,0,True,True,True,False,nvidia.com/gpu:PreferNoSchedule,595.71.05,
nodes_20260804T192310Z.json,20260804T192310Z,suncave-17,NVIDIA-GeForce-RTX-3090,atkinson-hall,us-west,True,False,2,2,,0,True,True,True,False,nvidia.com/gpu:PreferNoSchedule,595.71.05,
nodes_20260804T192310Z.json,20260804T192310Z,suncave-2,NVIDIA-GeForce-RTX-3090,atkinson-hall,us-west,True,False,2,2,,0,True,True,True,False,nvidia.com/gpu:PreferNoSchedule,595.71.05,
nodes_20260804T192310Z.json,20260804T192310Z,suncave-3,NVIDIA-GeForce-RTX-3090,atkinson-hall,us-west,True,False,2,2,,0,True,True,True,False,nvidia.com/gpu:PreferNoSchedule,595.71.05,
nodes_20260804T192310Z.json,20260804T192310Z,suncave-4,NVIDIA-GeForce-RTX-3090,atkinson-hall,us-west,True,False,2,2,,0,True,True,True,False,nvidia.com/gpu:PreferNoSchedule,595.71.05,
nodes_20260804T192310Z.json,20260804T192310Z,suncave-5,NVIDIA-GeForce-RTX-3090,atkinson-hall,us-west,True,False,2,2,,0,True,False,False,True,nautilus.io/issue:NoSchedule;nvidia.com/gpu:PreferNoSchedule,595.71.05,
nodes_20260804T192310Z.json,20260804T192310Z,suncave-6,NVIDIA-GeForce-RTX-3090,atkinson-hall,us-west,True,False,2,2,,0,True,True,True,False,nvidia.com/gpu:PreferNoSchedule,595.71.05,
nodes_20260804T192310Z.json,20260804T192310Z,suncave-7,NVIDIA-GeForce-RTX-3090,atkinson-hall,us-west,True,False,2,2,,0,True,True,True,False,nvidia.com/gpu:PreferNoSchedule,595.71.05,
nodes_20260804T192310Z.json,20260804T192310Z,suncave-8,NVIDIA-GeForce-RTX-3090,atkinson-hall,us-west,True,False,2,2,,0,True,True,True,False,nvidia.com/gpu:PreferNoSchedule,595.71.05,
nodes_20260804T192310Z.json,20260804T192310Z,suncave-9,NVIDIA-GeForce-RTX-3090,atkinson-hall,us-west,True,False,2,2,,0,True,True,True,False,nvidia.com/gpu:PreferNoSchedule,595.71.05,
nodes_20260804T192310Z.json,20260804T192310Z,suncave-head,NVIDIA-GeForce-RTX-3090,atkinson-hall,us-west,True,False,1,1,,0,True,False,False,True,nautilus.io/reservation:NoSchedule;nvidia.com/gpu:PreferNoSchedule,595.71.05,
nodes_20260804T192310Z.json,20260804T192310Z,uicnrp-fiona.evl.uic.edu,NVIDIA-GeForce-RTX-3090,uic,us-central,True,True,4,4,,0,True,False,False,False,nautilus.io/issue:NoSchedule;nvidia.com/gpu:PreferNoSchedule;node.kubernetes.io/unschedulable:NoSchedule,610.43.02,
nodes_20260804T192310Z.json,20260804T192310Z,uicnrp-fiona2.evl.uic.edu,NVIDIA-GeForce-RTX-3090,uic,us-central,False,False,3,3,,0,True,False,False,False,nvidia.com/gpu:PreferNoSchedule;node.kubernetes.io/unreachable:NoSchedule;node.kubernetes.io/unreachable:NoExecute,595.71.05,
nodes_20260804T192310Z.json,20260804T192310Z,hcc-nrp-shor-c5226.unl.edu,NVIDIA-GeForce-RTX-4090,unl,us-central,True,False,4,4,,0,True,True,True,False,nvidia.com/gpu:PreferNoSchedule,595.71.05,
nodes_20260804T192310Z.json,20260804T192310Z,hcc-nrp-shor-c5834.unl.edu,NVIDIA-GeForce-RTX-4090,unl,us-central,True,False,4,4,,0,True,True,True,False,nvidia.com/gpu:PreferNoSchedule,595.71.05,
nodes_20260804T192310Z.json,20260804T192310Z,hcc-nrp-shor-c5934.unl.edu,NVIDIA-GeForce-RTX-4090,unl,us-central,True,False,4,4,,0,True,True,True,False,nvidia.com/gpu:PreferNoSchedule,595.71.05,
nodes_20260804T192310Z.json,20260804T192310Z,hcc-nrp-shor-c6034.unl.edu,NVIDIA-GeForce-RTX-4090,unl,us-central,True,False,4,4,,0,True,True,True,False,nvidia.com/gpu:PreferNoSchedule,595.71.05,
nodes_20260804T192310Z.json,20260804T192310Z,k8s-4090-01.calit2.optiputer.net,NVIDIA-GeForce-RTX-4090,atkinson-hall,us-west,True,False,8,8,,0,True,True,True,False,nvidia.com/gpu:PreferNoSchedule,595.71.05,
nodes_20260804T192310Z.json,20260804T192310Z,exp-19-09.sdsc.optiputer.net,NVIDIA-H100-80GB-HBM3,sdsc,us-west,True,False,0,0,,0,True,True,False,False,nvidia.com/gpu:PreferNoSchedule,595.71.05,
nodes_20260804T192310Z.json,20260804T192310Z,exp-19-10.sdsc.optiputer.net,NVIDIA-H100-80GB-HBM3,sdsc,us-west,True,False,0,0,,0,True,True,False,False,nvidia.com/gpu:PreferNoSchedule,595.71.05,
nodes_20260804T192310Z.json,20260804T192310Z,exp-19-11.sdsc.optiputer.net,NVIDIA-H100-80GB-HBM3,sdsc,us-west,True,False,0,0,,0,True,True,False,False,nvidia.com/gpu:PreferNoSchedule,595.71.05,
nodes_20260804T192310Z.json,20260804T192310Z,exp-19-12.sdsc.optiputer.net,NVIDIA-H100-80GB-HBM3,sdsc,us-west,True,False,0,0,,0,True,True,False,False,nvidia.com/gpu:PreferNoSchedule,595.71.05,
nodes_20260804T192310Z.json,20260804T192310Z,hcc-nrp-sdc-dgx01.unl.edu,NVIDIA-H100-80GB-HBM3,,us-central,True,False,0,0,,0,True,False,False,True,nautilus.io/reservation:NoSchedule;nvidia.com/gpu:PreferNoSchedule,595.71.05,
nodes_20260804T192310Z.json,20260804T192310Z,hcc-nrp-sec-c1109.unl.edu,NVIDIA-H200-NVL,unl,us-central,True,False,0,0,,0,True,True,False,False,nvidia.com/gpu:PreferNoSchedule,595.71.05,
nodes_20260804T192310Z.json,20260804T192310Z,hd200-01.ts.fresnostate.edu,NVIDIA-H200-NVL,fresno,us-west,True,False,0,0,,0,True,False,False,True,nautilus.io/reservation:NoSchedule;nvidia.com/gpu:PreferNoSchedule,595.71.05,
nodes_20260804T192310Z.json,20260804T192310Z,k8s-h200-01.csus.edu,NVIDIA-H200-NVL,csus,us-west,True,False,0,0,,0,True,False,False,True,nautilus.io/reservation:NoSchedule;nvidia.com/gpu:PreferNoSchedule,595.71.05,
nodes_20260804T192310Z.json,20260804T192310Z,nautilus-it-gpu01.fullerton.edu,NVIDIA-L4,fullerton,us-west,True,False,13,16,,0,True,True,True,False,nvidia.com/gpu:PreferNoSchedule,595.71.05,
nodes_20260804T192310Z.json,20260804T192310Z,nautilus-it-gpu02.fullerton.edu,NVIDIA-L4,fullerton,us-west,True,False,15,16,,0,True,True,True,False,nvidia.com/gpu:PreferNoSchedule,595.71.05,
nodes_20260804T192310Z.json,20260804T192310Z,nautilus-it-gpu03.fullerton.edu,NVIDIA-L4,fullerton,us-west,True,False,15,16,,0,True,True,True,False,nvidia.com/gpu:PreferNoSchedule,595.71.05,
nodes_20260804T192310Z.json,20260804T192310Z,nautilus-it-gpu04.fullerton.edu,NVIDIA-L4,fullerton,us-west,True,False,16,16,,0,True,True,True,False,nvidia.com/gpu:PreferNoSchedule,595.71.05,
nodes_20260804T192310Z.json,20260804T192310Z,nautilus-it-gpu05.fullerton.edu,NVIDIA-L4,fullerton,us-west,True,False,15,16,,0,True,True,True,False,nvidia.com/gpu:PreferNoSchedule,595.71.05,
nodes_20260804T192310Z.json,20260804T192310Z,nautilus-it-gpu06.fullerton.edu,NVIDIA-L4,fullerton,us-west,True,False,16,16,,0,True,True,True,False,nvidia.com/gpu:PreferNoSchedule,595.71.05,
nodes_20260804T192310Z.json,20260804T192310Z,rci-tide-gpu-01.sdsu.edu,NVIDIA-L40,sdsu,us-west,True,False,4,4,,0,True,True,True,False,nvidia.com/gpu:PreferNoSchedule,595.71.05,
nodes_20260804T192310Z.json,20260804T192310Z,rci-tide-gpu-02.sdsu.edu,NVIDIA-L40,sdsu,us-west,True,False,3,4,,0,True,True,True,False,nvidia.com/gpu:PreferNoSchedule,595.71.05,
nodes_20260804T192310Z.json,20260804T192310Z,rci-tide-gpu-03.sdsu.edu,NVIDIA-L40,sdsu,us-west,True,False,4,4,,0,True,True,True,False,nvidia.com/gpu:PreferNoSchedule,595.71.05,
nodes_20260804T192310Z.json,20260804T192310Z,rci-tide-gpu-04.sdsu.edu,NVIDIA-L40,sdsu,us-west,True,False,4,4,,0,True,True,True,False,nvidia.com/gpu:PreferNoSchedule,595.71.05,
nodes_20260804T192310Z.json,20260804T192310Z,rci-tide-gpu-05.sdsu.edu,NVIDIA-L40,sdsu,us-west,True,False,4,4,,0,True,True,True,False,nvidia.com/gpu:PreferNoSchedule,595.71.05,
nodes_20260804T192310Z.json,20260804T192310Z,rci-tide-gpu-06.sdsu.edu,NVIDIA-L40,sdsu,us-west,True,False,4,4,,0,True,True,True,False,nvidia.com/gpu:PreferNoSchedule,595.71.05,
nodes_20260804T192310Z.json,20260804T192310Z,rci-tide-gpu-07.sdsu.edu,NVIDIA-L40,sdsu,us-west,True,False,4,4,,0,True,False,False,True,nautilus.io/reservation:NoSchedule;nvidia.com/gpu:PreferNoSchedule,595.71.05,
nodes_20260804T192310Z.json,20260804T192310Z,rci-tide-gpu-08.sdsu.edu,NVIDIA-L40,sdsu,us-west,True,False,4,4,,0,True,False,False,True,nautilus.io/reservation:NoSchedule;nvidia.com/gpu:PreferNoSchedule,595.71.05,
nodes_20260804T192310Z.json,20260804T192310Z,rci-tide-gpu-09.sdsu.edu,NVIDIA-L40,sdsu,us-west,True,False,4,4,,0,True,False,False,True,nautilus.io/reservation:NoSchedule;nvidia.com/gpu:PreferNoSchedule,595.71.05,
nodes_20260804T192310Z.json,20260804T192310Z,rci-tide-gpu-10.sdsu.edu,NVIDIA-L40,sdsu,us-west,True,False,4,4,,0,True,False,False,True,nautilus.io/reservation:NoSchedule;nvidia.com/gpu:PreferNoSchedule,595.71.05,
nodes_20260804T192310Z.json,20260804T192310Z,rci-tide-gpu-11.sdsu.edu,NVIDIA-L40,sdsu,us-west,True,False,4,4,,0,True,False,False,True,nautilus.io/reservation:NoSchedule;nvidia.com/gpu:PreferNoSchedule,595.71.05,
nodes_20260804T192310Z.json,20260804T192310Z,rci-tide-gpu-12.sdsu.edu,NVIDIA-L40,sdsu,us-west,True,False,4,4,,0,True,False,False,True,nautilus.io/reservation:NoSchedule;nvidia.com/gpu:PreferNoSchedule,595.71.05,
nodes_20260804T192310Z.json,20260804T192310Z,rci-tide-gpu-13.sdsu.edu,NVIDIA-L40,sdsu,us-west,True,False,4,4,,0,True,False,False,True,nautilus.io/reservation:NoSchedule;nvidia.com/gpu:PreferNoSchedule,595.71.05,
nodes_20260804T192310Z.json,20260804T192310Z,rci-tide-gpu-14.sdsu.edu,NVIDIA-L40,sdsu,us-west,True,False,4,4,,0,True,False,False,True,nautilus.io/reservation:NoSchedule;nvidia.com/gpu:PreferNoSchedule,595.71.05,
nodes_20260804T192310Z.json,20260804T192310Z,rci-tide-gpu-15.sdsu.edu,NVIDIA-L40,sdsu,us-west,True,False,4,4,,0,True,False,False,True,nautilus.io/reservation:NoSchedule;nvidia.com/gpu:PreferNoSchedule,595.71.05,
nodes_20260804T192310Z.json,20260804T192310Z,rci-tide-gpu-16.sdsu.edu,NVIDIA-L40,sdsu,us-west,True,False,4,4,,0,True,False,False,True,nautilus.io/reservation:NoSchedule;nvidia.com/gpu:PreferNoSchedule,595.71.05,
nodes_20260804T192310Z.json,20260804T192310Z,rci-tide-gpu-17.sdsu.edu,NVIDIA-L40,sdsu,us-west,True,False,4,4,,0,True,False,False,True,nautilus.io/reservation:NoSchedule;nvidia.com/gpu:PreferNoSchedule,595.71.05,
nodes_20260804T192310Z.json,20260804T192310Z,bak-hpc2.csub.edu,NVIDIA-L40S,csub,us-west,True,False,3,4,,0,True,True,True,False,nvidia.com/gpu:PreferNoSchedule,595.71.05,
nodes_20260804T192310Z.json,20260804T192310Z,hcc-nrp-pki-c1703.unl.edu,NVIDIA-L40S,unl,us-central,True,False,4,4,,0,True,True,True,False,nvidia.com/gpu:PreferNoSchedule,595.71.05,
nodes_20260804T192310Z.json,20260804T192310Z,hcc-nrp-pki-c1705.unl.edu,NVIDIA-L40S,unl,us-central,True,False,4,4,,0,True,True,True,False,nvidia.com/gpu:PreferNoSchedule,610.43.02,
nodes_20260804T192310Z.json,20260804T192310Z,swan-interlink,NVIDIA-L40S,,,False,False,4,4,,0,True,False,False,False,virtual-node.interlink/workload:NoExecute;virtual-node.interlink/no-schedule:NoSchedule;node.kubernetes.io/not-ready:NoSchedule;node.kubernetes.io/network-unavailable:NoSchedule;node.kubernetes.io/not-ready:NoExecute,,
nodes_20260804T192310Z.json,20260804T192310Z,stratus1.nrp-espm.berkeley.edu,NVIDIA-RTX-4000-Ada-Generation,berkeley,us-west,True,False,2,2,,0,True,True,True,False,nvidia.com/gpu:PreferNoSchedule,595.71.05,
nodes_20260804T192310Z.json,20260804T192310Z,k8s-gpu-6.ucsc.edu,NVIDIA-RTX-5000-Ada-Generation,ucsc,us-west,True,False,8,8,,0,True,True,True,False,nvidia.com/gpu:PreferNoSchedule,595.71.05,
nodes_20260804T192310Z.json,20260804T192310Z,ry-gpu-15.sdsc.optiputer.net,NVIDIA-RTX-A4000,sdsc,us-west,True,False,16,16,,0,True,True,True,False,nvidia.com/gpu:PreferNoSchedule,595.71.05,
nodes_20260804T192310Z.json,20260804T192310Z,ry-gpu-16.sdsc.optiputer.net,NVIDIA-RTX-A4000,sdsc,us-west,True,False,16,16,,0,True,True,True,False,nvidia.com/gpu:PreferNoSchedule,595.71.05,
nodes_20260804T192310Z.json,20260804T192310Z,gpu-01.csusb.edu,NVIDIA-RTX-A5000,csusb,us-west,True,False,4,4,,0,True,False,False,True,nautilus.io/reservation:NoSchedule;nvidia.com/gpu:PreferNoSchedule,595.91.07,
nodes_20260804T192310Z.json,20260804T192310Z,nautilusg01.sci.cwru.edu,NVIDIA-RTX-A5000,cwru,us-east,True,False,1,1,,0,True,True,True,False,nvidia.com/gpu:PreferNoSchedule,595.71.05,
nodes_20260804T192310Z.json,20260804T192310Z,nautilusg02.sci.cwru.edu,NVIDIA-RTX-A5000,cwru,us-east,True,False,1,1,,0,True,True,True,False,nvidia.com/gpu:PreferNoSchedule,595.91.07,
nodes_20260804T192310Z.json,20260804T192310Z,cenic-nrp1.hpc.cpp.edu,NVIDIA-RTX-A6000,cpp,us-west,True,False,0,0,,0,True,False,False,True,nvidia.com/gpu:PreferNoSchedule;nautilus.io/testing:NoSchedule,595.71.05,
nodes_20260804T192310Z.json,20260804T192310Z,discover-nrp-01.sdccd.edu,NVIDIA-RTX-A6000,miramar-college,us-west,True,False,0,0,,0,True,False,False,True,nautilus.io/reservation:NoSchedule;nvidia.com/gpu:PreferNoSchedule,595.71.05,
nodes_20260804T192310Z.json,20260804T192310Z,gpu00.nrp.hpc.udel.edu,NVIDIA-RTX-A6000,udel,us-east,True,False,0,0,,0,True,True,False,False,nvidia.com/gpu:PreferNoSchedule,595.71.05,
nodes_20260804T192310Z.json,20260804T192310Z,hcc-prp-c5036.unl.edu,NVIDIA-RTX-A6000,unl,us-central,True,False,0,0,,0,True,False,False,True,nautilus.io/reservation:NoSchedule;nvidia.com/gpu:PreferNoSchedule,595.71.05,
nodes_20260804T192310Z.json,20260804T192310Z,hcc-prp-c5038.unl.edu,NVIDIA-RTX-A6000,unl,us-central,True,False,0,0,,0,True,False,False,True,nautilus.io/reservation:NoSchedule;nvidia.com/gpu:PreferNoSchedule,595.71.05,
nodes_20260804T192310Z.json,20260804T192310Z,k8s-a6000-01.csus.edu,NVIDIA-RTX-A6000,csus,us-west,True,False,0,0,,0,True,True,False,False,nvidia.com/gpu:PreferNoSchedule,595.71.05,
nodes_20260804T192310Z.json,20260804T192310Z,k8s-a6000-01.unm.edu,NVIDIA-RTX-A6000,unm,us-mountain,False,False,0,0,,0,True,False,False,False,nautilus.io/issue:NoSchedule;nvidia.com/gpu:PreferNoSchedule;node.kubernetes.io/unreachable:NoSchedule;node.kubernetes.io/unreachable:NoExecute,595.71.05,
nodes_20260804T192310Z.json,20260804T192310Z,nautilus02.hsrn.nyu.edu,NVIDIA-RTX-A6000,nyu,us-east,True,False,0,0,,0,True,True,False,False,nvidia.com/gpu:PreferNoSchedule,595.71.05,
nodes_20260804T192310Z.json,20260804T192310Z,nrp-01.csumb.edu,NVIDIA-RTX-A6000,csumb,us-west,True,False,0,0,,0,True,True,False,False,,595.71.05,
nodes_20260804T192310Z.json,20260804T192310Z,nrp-a6000-01.csuchico.edu,NVIDIA-RTX-A6000,csu-chico,us-west,False,False,0,0,,0,True,False,False,False,nvidia.com/gpu:PreferNoSchedule;node.kubernetes.io/unreachable:NoSchedule;node.kubernetes.io/unreachable:NoExecute,595.71.05,
nodes_20260804T192310Z.json,20260804T192310Z,bw6600-01.ts.fresnostate.edu,NVIDIA-RTX-PRO-6000-Blackwell-Max-Q-Workstation-Edition,fresno,us-west,True,False,0,0,,0,True,False,False,True,nautilus.io/reservation:NoSchedule;nvidia.com/gpu:PreferNoSchedule,595.71.05,
nodes_20260804T192310Z.json,20260804T192310Z,bw6600-02.ts.fresnostate.edu,NVIDIA-RTX-PRO-6000-Blackwell-Max-Q-Workstation-Edition,fresno,us-west,True,False,0,0,,0,True,False,False,True,nautilus.io/reservation:NoSchedule;nvidia.com/gpu:PreferNoSchedule,595.71.05,
nodes_20260804T192310Z.json,20260804T192310Z,k8s-haosu-24.sdsc.optiputer.net,NVIDIA-TITAN-RTX,sdsc,us-west,True,False,1,2,,0,True,True,True,False,nvidia.com/gpu:PreferNoSchedule,595.71.05,
nodes_20260804T192310Z.json,20260804T192310Z,rincewind.crbs.ucsd.edu,NVIDIA-TITAN-RTX,atkinson-hall,us-west,True,False,2,2,,0,True,True,True,False,nvidia.com/gpu:PreferNoSchedule,595.71.05,
nodes_20260804T192310Z.json,20260804T192310Z,unseenu.crbs.ucsd.edu,NVIDIA-TITAN-RTX,atkinson-hall,us-west,True,False,2,2,,0,True,True,True,False,nvidia.com/gpu:PreferNoSchedule,595.71.05,
nodes_20260804T192310Z.json,20260804T192310Z,k8s-dtn-01.uog.edu,NVIDIA-TITAN-X-Pascal,uog,pacific,True,False,1,1,,0,True,True,True,False,,580.159.04,
nodes_20260804T192310Z.json,20260804T192310Z,dtn-gpu2.kreonet.net,NVIDIA-TITAN-Xp,kreonet,pacific,True,False,4,4,,0,True,True,True,False,nvidia.com/gpu:PreferNoSchedule,580.159.04,
nodes_20260804T192310Z.json,20260804T192310Z,k8s-ravi-01.calit2.optiputer.net,NVIDIA-TITAN-Xp,atkinson-hall,us-west,True,False,8,8,,0,True,True,True,False,nvidia.com/gpu:PreferNoSchedule,580.159.04,
nodes_20260804T192310Z.json,20260804T192310Z,patternlab.calit2.optiputer.net,NVIDIA-TITAN-Xp,atkinson-hall,us-west,True,False,4,4,,0,True,True,True,False,nvidia.com/gpu:PreferNoSchedule,580.159.04,
nodes_20260804T192310Z.json,20260804T192310Z,evldtn.evl.uic.edu,Quadro-M4000,uic,us-central,True,False,1,1,,0,True,False,False,True,nvidia.com/gpu:PreferNoSchedule;nautilus.io/system:NoSchedule,580.173.02,
nodes_20260804T192310Z.json,20260804T192310Z,k8s-gen4-05.calit2.optiputer.net,Quadro-RTX-6000,atkinson-hall,us-west,True,False,1,1,,0,True,True,True,False,nvidia.com/gpu:PreferNoSchedule,595.71.05,
nodes_20260804T192310Z.json,20260804T192310Z,moff.sdstate.edu,Quadro-RTX-6000,sdstate,us-central,True,False,1,1,,0,True,True,True,False,nvidia.com/gpu:PreferNoSchedule,595.71.05,
nodes_20260804T192310Z.json,20260804T192310Z,k8s-u200-00.calit2.optiputer.net,Quadro-RTX-8000,atkinson-hall,us-west,True,False,0,0,,0,True,False,False,True,nautilus.io/reservation:NoSchedule;nvidia.com/gpu:PreferNoSchedule,595.71.05,
nodes_20260804T192310Z.json,20260804T192310Z,k8s-gen4-01.ampath.net,Tesla-T4,equinix-mi1,us-east,True,False,1,1,,0,True,False,False,True,nautilus.io/system:NoSchedule;nvidia.com/gpu:PreferNoSchedule,595.71.05,
nodes_20260804T192310Z.json,20260804T192310Z,osg-houston-stashcache.nrp.internet2.edu,Tesla-T4,i2-houston,us-central,True,False,1,1,,0,True,False,False,True,nautilus.io/reservation:NoSchedule;nvidia.com/gpu:PreferNoSchedule,595.71.05,
nodes_20260804T192310Z.json,20260804T192310Z,osg-sunnyvale-stashcache.nrp.internet2.edu,Tesla-T4,i2-sunnyvale,us-west,True,False,1,1,,0,True,False,False,True,nautilus.io/reservation:NoSchedule;nvidia.com/gpu:PreferNoSchedule,595.71.05,
nodes_20260804T192310Z.json,20260804T192310Z,gpn-fiona-mizzou-7.rnet.missouri.edu,Tesla-V100-PCIE-16GB,mizzou,us-central,True,False,2,2,,0,True,True,True,False,nvidia.com/gpu:PreferNoSchedule,580.159.04,
nodes_20260804T192310Z.json,20260804T192310Z,gpn-fiona-mizzou-8.rnet.missouri.edu,Tesla-V100-PCIE-16GB,mizzou,us-central,True,False,2,2,,0,True,True,True,False,nvidia.com/gpu:PreferNoSchedule,580.159.04,
nodes_20260804T192310Z.json,20260804T192310Z,gpn-fiona-mizzou-9.rnet.missouri.edu,Tesla-V100-PCIE-16GB,mizzou,us-central,True,False,1,2,,0,True,True,True,False,nvidia.com/gpu:PreferNoSchedule,580.159.04,
nodes_20260804T192310Z.json,20260804T192310Z,chi-dgx-node01.csuchico.edu,Tesla-V100-SXM2-16GB,csu-chico,us-west,True,False,7,8,,0,True,True,True,False,nvidia.com/gpu:PreferNoSchedule,580.159.04,
nodes_20260804T192310Z.json,20260804T192310Z,chi-dgx-node02.csuchico.edu,Tesla-V100-SXM2-16GB,csu-chico,us-west,True,False,7,8,,0,True,True,True,False,nvidia.com/gpu:PreferNoSchedule,580.159.04,
nodes_20260804T192310Z.json,20260804T192310Z,chi-dgx-node03.csuchico.edu,Tesla-V100-SXM2-16GB,csu-chico,us-west,True,False,8,8,,0,True,True,True,False,nvidia.com/gpu:PreferNoSchedule,580.159.04,
nodes_20260804T192310Z.json,20260804T192310Z,chi-dgx-node04.csuchico.edu,Tesla-V100-SXM2-16GB,csu-chico,us-west,True,False,7,8,,0,True,True,True,False,nvidia.com/gpu:PreferNoSchedule,580.159.04,
nodes_20260804T192310Z.json,20260804T192310Z,cph-dgx-node1.humboldt.edu,Tesla-V100-SXM2-32GB,humboldt,us-west,True,False,8,8,,0,True,False,False,True,nvidia.com/gpu:PreferNoSchedule;nautilus.io/hardware:NoSchedule,580.173.02,
nodes_20260804T192310Z.json,20260804T192310Z,cph-dgx-node2.humboldt.edu,Tesla-V100-SXM2-32GB,humboldt,us-west,True,False,8,8,,0,True,True,True,False,nvidia.com/gpu:PreferNoSchedule,580.173.02,
nodes_20260804T192310Z.json,20260804T192310Z,cph-dgx-node4.humboldt.edu,Tesla-V100-SXM2-32GB,humboldt,us-west,True,False,6,8,,0,True,True,True,False,nvidia.com/gpu:PreferNoSchedule,580.173.02,
nodes_20260804T192310Z.json,20260804T192310Z,cph-dgx-node5.humboldt.edu,Tesla-V100-SXM2-32GB,humboldt,us-west,True,False,8,8,,0,True,True,True,False,nvidia.com/gpu:PreferNoSchedule,580.173.02,
nodes_20260804T192310Z.json,20260804T192310Z,cph-dgx-node6.humboldt.edu,Tesla-V100-SXM2-32GB,humboldt,us-west,True,False,8,8,,0,True,True,True,False,nvidia.com/gpu:PreferNoSchedule,580.173.02,
nodes_20260804T192310Z.json,20260804T192310Z,cph-dgx-node7.humboldt.edu,Tesla-V100-SXM2-32GB,humboldt,us-west,True,False,6,8,,0,True,True,True,False,nvidia.com/gpu:PreferNoSchedule,580.173.02,
nodes_20260804T192310Z.json,20260804T192310Z,cph-dgx-node8.humboldt.edu,Tesla-V100-SXM2-32GB,humboldt,us-west,True,False,6,8,,0,True,True,True,False,nvidia.com/gpu:PreferNoSchedule,580.173.02,
nodes_20260804T192310Z.json,20260804T192310Z,cph-dgx-node9.humboldt.edu,Tesla-V100-SXM2-32GB,humboldt,us-west,True,False,8,8,,0,True,True,True,False,nvidia.com/gpu:PreferNoSchedule,580.173.02,
nodes_20260804T192310Z.json,20260804T192310Z,v100-cc-star-01.noc.ucsb.edu,Tesla-V100-SXM2-32GB,ucsb,us-west,True,False,4,4,,0,True,True,True,False,nvidia.com/gpu:PreferNoSchedule,580.159.04,
