allow_tf32_cudnn,allow_tf32_matmul,avg_power_w,below_30s_floor,benchmark,config_id,device_requested,driver_version,dtype,energy_j,energy_j_counter,exclusion_reason,git_commit,gpu_model_observed,gpu_model_torch,gpu_uuid,hardware_source,idle_post_context_avg_w,idle_post_context_duration_s,idle_post_context_min_w,idle_post_context_n_samples,idle_post_context_peak_w,idle_pre_context_avg_w,idle_pre_context_duration_s,idle_pre_context_min_w,idle_pre_context_n_samples,idle_pre_context_peak_w,idle_skip_reason,image_ref,inner_iters,iters,min_power_w,n,n_failed_power_samples,n_power_samples,node_name,peak_power_w,power_duration_s,power_trace_path,power_window,precision,repeat_index,result_checksum,run_id,run_utc,runtime_s,seed,torch_version,total_flops,warmup_iters,work_hash,work_hash_covers,work_hash_kind,workload,arch,batch_size,batches_completed,final_loss,warmup_batches
False,False,234.26626561324346,False,matmul,matmul|n8192|fp32|i2000|s20260818,cuda,580.178.04,torch.float32,64104.666870355344,64127.082,,7172f682f4b04a8e602c6d36f504e2f8e1402d1b,NVIDIA GeForce GTX 1080 Ti,NVIDIA-GeForce-GTX-1080-Ti,GPU-3feaff09-dfc5-f477-fd0f-dd4e11826aa2,pynvml,25.126888513513457,59.955206218059175,9.033,296,57.467,9.474949152542386,59.87522758101113,8.886,295,15.423,,ghcr.io/aravadhikari05/gpu-retirement-analysis@sha256:8f033c5afd8457c9e7ede5c805981631a4723df94e0576940e9c0b1934727899,2000,2000,186.747,8192,0,1329,k8s-gpu-1.ucsc.edu,290.546,273.79371885291766,matmul/20260823T092427Z-matmul-r1-p57_power.csv,region,fp32,1,137427567278.96912,20260823T092427Z-matmul-r1-p57,2026-08-23T09:24:27+00:00,273.7877033969853,20260818,2.5.1+cu121,2199023255552000,10,3bbd5bd4d6ffd967da24ad12bf21d2c6ce2f3a1bc6b57c8cfd3a7407af188242,"inputs and work shape, not the product",config,matmul,,,,,
False,False,219.60132956152776,False,matmul,matmul|n8192|fp32|i2000|s20260818,cuda,580.178.04,torch.float32,64476.61766707661,64489.614,,9f614f9d829b652abbe29c5c6602c2071f435a09,NVIDIA GeForce GTX 1080 Ti,NVIDIA-GeForce-GTX-1080-Ti,GPU-3feaff09-dfc5-f477-fd0f-dd4e11826aa2,pynvml,25.796307432432446,60.035777717945166,9.127,296,58.017,9.64469047619048,59.821526873041876,9.129,294,15.317,,ghcr.io/aravadhikari05/gpu-retirement-analysis@sha256:9e62c0de6a56b995a1de66269cb1d26666f099390fb90c83e7aaca9f360877e4,2000,2000,177.579,8192,0,1414,k8s-gpu-1.ucsc.edu,285.808,293.99409030901734,matmul/20260823T100559Z-matmul-r1-p57_power.csv,region,fp32,1,137427567278.96912,20260823T100559Z-matmul-r1-p57,2026-08-23T10:05:59+00:00,293.9922510359902,20260818,2.5.1+cu121,2199023255552000,10,3bbd5bd4d6ffd967da24ad12bf21d2c6ce2f3a1bc6b57c8cfd3a7407af188242,"inputs and work shape, not the product",config,matmul,,,,,
False,False,211.4687644628103,False,resnet_train,resnet50|cifar10|fp32|b32|n1000|s20260818,cuda:0,580.178.04,,41964.50386612642,43340.975,,9f614f9d829b652abbe29c5c6602c2071f435a09,NVIDIA GeForce GTX 1080 Ti,NVIDIA-GeForce-GTX-1080-Ti,GPU-3feaff09-dfc5-f477-fd0f-dd4e11826aa2,pynvml,25.53070608108106,59.99546563799959,9.369,296,58.857,17.391533783783768,59.99441399401985,9.709,296,72.712,,ghcr.io/aravadhikari05/gpu-retirement-analysis@sha256:9e62c0de6a56b995a1de66269cb1d26666f099390fb90c83e7aaca9f360877e4,1000,,116.947,,0,968,k8s-gpu-1.ucsc.edu,328.487,198.59666589600965,resnet_train/20260823T101132Z-resnet_train-r1-p74_power.csv,region,fp32,1,,20260823T101132Z-resnet_train-r1-p74,2026-08-23T10:11:32+00:00,198.5931616340531,20260818,2.5.1+cu121,,,acae053eda706ed0b799e385cda9f5c959881aad3d0e1171c0085f40c10f6bde,"seed, dataset indices and workload shape, not trained weights",config,resnet_train,resnet50,32,1000,1.404631495475769,5
False,False,230.9567937685461,False,matmul,matmul|n8192|fp32|i2000|s20260818,cuda,580.178.04,torch.float32,63965.84615478446,63993.119,,9f614f9d829b652abbe29c5c6602c2071f435a09,NVIDIA GeForce GTX 1080 Ti,NVIDIA-GeForce-GTX-1080-Ti,GPU-3feaff09-dfc5-f477-fd0f-dd4e11826aa2,pynvml,25.369172297297293,59.95914498704951,9.129,296,58.012,9.703050847457625,59.97149097500369,9.129,295,15.559,,ghcr.io/aravadhikari05/gpu-retirement-analysis@sha256:9e62c0de6a56b995a1de66269cb1d26666f099390fb90c83e7aaca9f360877e4,2000,2000,188.341,8192,0,1348,k8s-gpu-1.ucsc.edu,287.459,277.04892587207723,matmul/20260823T102110Z-matmul-r1-p57_power.csv,region,fp32,1,137427567278.96912,20260823T102110Z-matmul-r1-p57,2026-08-23T10:21:10+00:00,277.04275301704183,20260818,2.5.1+cu121,2199023255552000,10,3bbd5bd4d6ffd967da24ad12bf21d2c6ce2f3a1bc6b57c8cfd3a7407af188242,"inputs and work shape, not the product",config,matmul,,,,,
False,False,221.4334446823699,False,matmul,matmul|n8192|fp32|i2000|s20260818,cuda,580.178.04,torch.float32,63690.43236973727,63729.626,,9f614f9d829b652abbe29c5c6602c2071f435a09,NVIDIA GeForce GTX 1080 Ti,NVIDIA-GeForce-GTX-1080-Ti,GPU-3feaff09-dfc5-f477-fd0f-dd4e11826aa2,pynvml,25.369172297297293,59.95914498704951,9.129,296,58.012,9.703050847457625,59.97149097500369,9.129,295,15.559,,ghcr.io/aravadhikari05/gpu-retirement-analysis@sha256:9e62c0de6a56b995a1de66269cb1d26666f099390fb90c83e7aaca9f360877e4,2000,2000,187.969,8192,0,1401,k8s-gpu-1.ucsc.edu,280.729,287.613908952917,matmul/20260823T102604Z-matmul-r2-p57_power.csv,region,fp32,2,137427567278.96912,20260823T102604Z-matmul-r2-p57,2026-08-23T10:26:04+00:00,287.6066298279911,20260818,2.5.1+cu121,2199023255552000,10,3bbd5bd4d6ffd967da24ad12bf21d2c6ce2f3a1bc6b57c8cfd3a7407af188242,"inputs and work shape, not the product",config,matmul,,,,,
False,False,223.5131359712235,False,matmul,matmul|n8192|fp32|i2000|s20260818,cuda,580.178.04,torch.float32,63782.94652028892,63835.175,,9f614f9d829b652abbe29c5c6602c2071f435a09,NVIDIA GeForce GTX 1080 Ti,NVIDIA-GeForce-GTX-1080-Ti,GPU-3feaff09-dfc5-f477-fd0f-dd4e11826aa2,pynvml,25.369172297297293,59.95914498704951,9.129,296,58.012,9.703050847457625,59.97149097500369,9.129,295,15.559,,ghcr.io/aravadhikari05/gpu-retirement-analysis@sha256:9e62c0de6a56b995a1de66269cb1d26666f099390fb90c83e7aaca9f360877e4,2000,2000,178.518,8192,0,1390,k8s-gpu-1.ucsc.edu,281.93,285.3715435269987,matmul/20260823T103056Z-matmul-r3-p57_power.csv,region,fp32,3,137427567278.96912,20260823T103056Z-matmul-r3-p57,2026-08-23T10:30:56+00:00,285.3621105229249,20260818,2.5.1+cu121,2199023255552000,10,3bbd5bd4d6ffd967da24ad12bf21d2c6ce2f3a1bc6b57c8cfd3a7407af188242,"inputs and work shape, not the product",config,matmul,,,,,
False,False,173.88958876629925,False,matmul,matmul|n8192|fp32|i2000|s20260818,cuda,595.91.07,torch.float32,35334.04990795826,33457.998,,9f614f9d829b652abbe29c5c6602c2071f435a09,NVIDIA GeForce RTX 2080 Ti,NVIDIA-GeForce-RTX-2080-Ti,GPU-1b9d9ca0-6745-6218-37cb-6ca80fc2d761,pynvml,19.83264726027398,59.89201564597897,5.437,292,52.598,5.9716735395189025,59.99309754604474,4.375,291,7.93,,ghcr.io/aravadhikari05/gpu-retirement-analysis@sha256:9e62c0de6a56b995a1de66269cb1d26666f099390fb90c83e7aaca9f360877e4,2000,2000,171.298,8192,0,997,k8s-haosu-18.sdsc.optiputer.net,178.718,203.20473865699023,matmul/20260823T103528Z-matmul-r1-p57_power.csv,region,fp32,1,137427567278.96912,20260823T103528Z-matmul-r1-p57,2026-08-23T10:35:29+00:00,203.2018047121819,20260818,2.5.1+cu121,2199023255552000,10,3bbd5bd4d6ffd967da24ad12bf21d2c6ce2f3a1bc6b57c8cfd3a7407af188242,"inputs and work shape, not the product",config,matmul,,,,,
False,False,223.7825418470419,False,matmul,matmul|n8192|fp32|i2000|s20260818,cuda,580.178.04,torch.float32,63750.28428425612,63795.651,,9f614f9d829b652abbe29c5c6602c2071f435a09,NVIDIA GeForce GTX 1080 Ti,NVIDIA-GeForce-GTX-1080-Ti,GPU-3feaff09-dfc5-f477-fd0f-dd4e11826aa2,pynvml,25.369172297297293,59.95914498704951,9.129,296,58.012,9.703050847457625,59.97149097500369,9.129,295,15.559,,ghcr.io/aravadhikari05/gpu-retirement-analysis@sha256:9e62c0de6a56b995a1de66269cb1d26666f099390fb90c83e7aaca9f360877e4,2000,2000,195.029,8192,0,1386,k8s-gpu-1.ucsc.edu,278.619,284.88505296909716,matmul/20260823T103547Z-matmul-r4-p57_power.csv,region,fp32,4,137427567278.96912,20260823T103547Z-matmul-r4-p57,2026-08-23T10:35:47+00:00,284.8783194649732,20260818,2.5.1+cu121,2199023255552000,10,3bbd5bd4d6ffd967da24ad12bf21d2c6ce2f3a1bc6b57c8cfd3a7407af188242,"inputs and work shape, not the product",config,matmul,,,,,
False,False,173.20287920792086,False,matmul,matmul|n8192|fp32|i2000|s20260818,cuda,595.91.07,torch.float32,35677.44757940239,33745.581,,9f614f9d829b652abbe29c5c6602c2071f435a09,NVIDIA GeForce RTX 2080 Ti,NVIDIA-GeForce-RTX-2080-Ti,GPU-1b9d9ca0-6745-6218-37cb-6ca80fc2d761,pynvml,19.83264726027398,59.89201564597897,5.437,292,52.598,5.9716735395189025,59.99309754604474,4.375,291,7.93,,ghcr.io/aravadhikari05/gpu-retirement-analysis@sha256:9e62c0de6a56b995a1de66269cb1d26666f099390fb90c83e7aaca9f360877e4,2000,2000,170.45,8192,0,1010,k8s-haosu-18.sdsc.optiputer.net,176.424,205.98931228998117,matmul/20260823T103859Z-matmul-r2-p57_power.csv,region,fp32,2,137427567278.96912,20260823T103859Z-matmul-r2-p57,2026-08-23T10:38:59+00:00,205.98291351483203,20260818,2.5.1+cu121,2199023255552000,10,3bbd5bd4d6ffd967da24ad12bf21d2c6ce2f3a1bc6b57c8cfd3a7407af188242,"inputs and work shape, not the product",config,matmul,,,,,
False,False,216.7651911554921,False,matmul,matmul|n8192|fp32|i2000|s20260818,cuda,580.178.04,torch.float32,63709.045286174885,63696.77,,9f614f9d829b652abbe29c5c6602c2071f435a09,NVIDIA GeForce GTX 1080 Ti,NVIDIA-GeForce-GTX-1080-Ti,GPU-3feaff09-dfc5-f477-fd0f-dd4e11826aa2,pynvml,25.369172297297293,59.95914498704951,9.129,296,58.012,9.703050847457625,59.97149097500369,9.129,295,15.559,,ghcr.io/aravadhikari05/gpu-retirement-analysis@sha256:9e62c0de6a56b995a1de66269cb1d26666f099390fb90c83e7aaca9f360877e4,2000,2000,186.188,8192,0,1402,k8s-gpu-1.ucsc.edu,281.353,293.7700210569892,matmul/20260823T104048Z-matmul-r5-p57_power.csv,region,fp32,5,137427567278.96912,20260823T104048Z-matmul-r5-p57,2026-08-23T10:40:48+00:00,293.7681274849456,20260818,2.5.1+cu121,2199023255552000,10,3bbd5bd4d6ffd967da24ad12bf21d2c6ce2f3a1bc6b57c8cfd3a7407af188242,"inputs and work shape, not the product",config,matmul,,,,,
False,False,173.21866106719386,False,matmul,matmul|n8192|fp32|i2000|s20260818,cuda,595.91.07,torch.float32,35764.17443577142,33810.79,,9f614f9d829b652abbe29c5c6602c2071f435a09,NVIDIA GeForce RTX 2080 Ti,NVIDIA-GeForce-RTX-2080-Ti,GPU-1b9d9ca0-6745-6218-37cb-6ca80fc2d761,pynvml,19.83264726027398,59.89201564597897,5.437,292,52.598,5.9716735395189025,59.99309754604474,4.375,291,7.93,,ghcr.io/aravadhikari05/gpu-retirement-analysis@sha256:9e62c0de6a56b995a1de66269cb1d26666f099390fb90c83e7aaca9f360877e4,2000,2000,170.544,8192,0,1012,k8s-haosu-18.sdsc.optiputer.net,175.824,206.46733086300083,matmul/20260823T104230Z-matmul-r3-p57_power.csv,region,fp32,3,137427567278.96912,20260823T104230Z-matmul-r3-p57,2026-08-23T10:42:30+00:00,206.46416650689207,20260818,2.5.1+cu121,2199023255552000,10,3bbd5bd4d6ffd967da24ad12bf21d2c6ce2f3a1bc6b57c8cfd3a7407af188242,"inputs and work shape, not the product",config,matmul,,,,,
False,False,173.13073418972323,False,matmul,matmul|n8192|fp32|i2000|s20260818,cuda,595.91.07,torch.float32,35723.74520016606,33786.936,,9f614f9d829b652abbe29c5c6602c2071f435a09,NVIDIA GeForce RTX 2080 Ti,NVIDIA-GeForce-RTX-2080-Ti,GPU-1b9d9ca0-6745-6218-37cb-6ca80fc2d761,pynvml,19.83264726027398,59.89201564597897,5.437,292,52.598,5.9716735395189025,59.99309754604474,4.375,291,7.93,,ghcr.io/aravadhikari05/gpu-retirement-analysis@sha256:9e62c0de6a56b995a1de66269cb1d26666f099390fb90c83e7aaca9f360877e4,2000,2000,170.463,8192,0,1012,k8s-haosu-18.sdsc.optiputer.net,176.555,206.34852053993382,matmul/20260823T104602Z-matmul-r4-p57_power.csv,region,fp32,4,137427567278.96912,20260823T104602Z-matmul-r4-p57,2026-08-23T10:46:02+00:00,206.34548272495158,20260818,2.5.1+cu121,2199023255552000,10,3bbd5bd4d6ffd967da24ad12bf21d2c6ce2f3a1bc6b57c8cfd3a7407af188242,"inputs and work shape, not the product",config,matmul,,,,,
False,False,221.7963479623825,False,resnet_train,resnet50|cifar10|fp32|b32|n1000|s20260818,cuda:0,580.178.04,,43722.668182793,44046.9,,9f614f9d829b652abbe29c5c6602c2071f435a09,NVIDIA GeForce GTX 1080 Ti,NVIDIA-GeForce-GTX-1080-Ti,GPU-3feaff09-dfc5-f477-fd0f-dd4e11826aa2,pynvml,25.763579661016966,59.92676659801509,9.372,295,58.614,17.084423728813558,59.96050078806002,9.716,295,73.411,,ghcr.io/aravadhikari05/gpu-retirement-analysis@sha256:9e62c0de6a56b995a1de66269cb1d26666f099390fb90c83e7aaca9f360877e4,1000,,119.32,,0,957,k8s-gpu-1.ucsc.edu,330.234,197.27860580105335,resnet_train/20260823T104619Z-resnet_train-r1-p78_power.csv,region,fp32,1,,20260823T104619Z-resnet_train-r1-p78,2026-08-23T10:46:19+00:00,197.26925317198038,20260818,2.5.1+cu121,,,acae053eda706ed0b799e385cda9f5c959881aad3d0e1171c0085f40c10f6bde,"seed, dataset indices and workload shape, not trained weights",config,resnet_train,resnet50,32,1000,1.3468422889709473,5
False,False,172.99138811881198,False,matmul,matmul|n8192|fp32|i2000|s20260818,cuda,595.91.07,torch.float32,35647.80185273217,33755.693,,9f614f9d829b652abbe29c5c6602c2071f435a09,NVIDIA GeForce RTX 2080 Ti,NVIDIA-GeForce-RTX-2080-Ti,GPU-1b9d9ca0-6745-6218-37cb-6ca80fc2d761,pynvml,19.83264726027398,59.89201564597897,5.437,292,52.598,5.9716735395189025,59.99309754604474,4.375,291,7.93,,ghcr.io/aravadhikari05/gpu-retirement-analysis@sha256:9e62c0de6a56b995a1de66269cb1d26666f099390fb90c83e7aaca9f360877e4,2000,2000,170.163,8192,0,1010,k8s-haosu-18.sdsc.optiputer.net,175.907,206.06603198079392,matmul/20260823T104932Z-matmul-r5-p57_power.csv,region,fp32,5,137427567278.96912,20260823T104932Z-matmul-r5-p57,2026-08-23T10:49:32+00:00,206.06291744904593,20260818,2.5.1+cu121,2199023255552000,10,3bbd5bd4d6ffd967da24ad12bf21d2c6ce2f3a1bc6b57c8cfd3a7407af188242,"inputs and work shape, not the product",config,matmul,,,,,
False,False,189.53438900203665,False,resnet_train,resnet50|cifar10|fp32|b32|n1000|s20260818,cuda:0,580.178.04,,38369.66471207477,41580.096,,9f614f9d829b652abbe29c5c6602c2071f435a09,NVIDIA GeForce GTX 1080 Ti,NVIDIA-GeForce-GTX-1080-Ti,GPU-3feaff09-dfc5-f477-fd0f-dd4e11826aa2,pynvml,25.763579661016966,59.92676659801509,9.372,295,58.614,17.084423728813558,59.96050078806002,9.716,295,73.411,,ghcr.io/aravadhikari05/gpu-retirement-analysis@sha256:9e62c0de6a56b995a1de66269cb1d26666f099390fb90c83e7aaca9f360877e4,1000,,114.263,,0,982,k8s-gpu-1.ucsc.edu,324.91,202.39605024899356,resnet_train/20260823T104945Z-resnet_train-r2-p78_power.csv,region,fp32,2,,20260823T104945Z-resnet_train-r2-p78,2026-08-23T10:49:45+00:00,202.39412099390756,20260818,2.5.1+cu121,,,acae053eda706ed0b799e385cda9f5c959881aad3d0e1171c0085f40c10f6bde,"seed, dataset indices and workload shape, not trained weights",config,resnet_train,resnet50,32,1000,1.3610988855361938,5
False,False,139.60747770069432,False,matmul,matmul|n8192|fp32|i2000|s20260818,cuda,595.71.05,torch.float32,28170.997176114455,28164.172,,9f614f9d829b652abbe29c5c6602c2071f435a09,NVIDIA RTX A4000,NVIDIA-RTX-A4000,GPU-3ad43faa-e34c-fe25-9ab1-8c1bed5b8afa,pynvml,25.0573023255814,60.038193388143554,15.557,301,47.319,15.523445182724263,60.040423666127026,15.404,301,15.618,,ghcr.io/aravadhikari05/gpu-retirement-analysis@sha256:9e62c0de6a56b995a1de66269cb1d26666f099390fb90c83e7aaca9f360877e4,2000,2000,101.49,8192,0,1009,ry-gpu-16.sdsc.optiputer.net,139.998,201.77273547416553,matmul/20260823T105116Z-matmul-r1-p57_power.csv,region,fp32,1,137427567278.96912,20260823T105116Z-matmul-r1-p57,2026-08-23T10:51:16+00:00,201.76895545306616,20260818,2.5.1+cu121,2199023255552000,10,3bbd5bd4d6ffd967da24ad12bf21d2c6ce2f3a1bc6b57c8cfd3a7407af188242,"inputs and work shape, not the product",config,matmul,,,,,
False,False,190.385130831643,False,resnet_train,resnet50|cifar10|fp32|b32|n1000|s20260818,cuda:0,580.178.04,,38583.76648290432,41578.836,,9f614f9d829b652abbe29c5c6602c2071f435a09,NVIDIA GeForce GTX 1080 Ti,NVIDIA-GeForce-GTX-1080-Ti,GPU-3feaff09-dfc5-f477-fd0f-dd4e11826aa2,pynvml,25.763579661016966,59.92676659801509,9.372,295,58.614,17.084423728813558,59.96050078806002,9.716,295,73.411,,ghcr.io/aravadhikari05/gpu-retirement-analysis@sha256:9e62c0de6a56b995a1de66269cb1d26666f099390fb90c83e7aaca9f360877e4,1000,,114.912,,0,986,k8s-gpu-1.ucsc.edu,309.472,202.60673750692513,resnet_train/20260823T105311Z-resnet_train-r3-p78_power.csv,region,fp32,3,,20260823T105311Z-resnet_train-r3-p78,2026-08-23T10:53:11+00:00,202.60489948792383,20260818,2.5.1+cu121,,,acae053eda706ed0b799e385cda9f5c959881aad3d0e1171c0085f40c10f6bde,"seed, dataset indices and workload shape, not trained weights",config,resnet_train,resnet50,32,1000,1.420656442642212,5
False,False,171.4126213017753,False,resnet_train,resnet50|cifar10|fp32|b32|n1000|s20260818,cuda:0,595.91.07,,23733.245600019258,22333.357,,9f614f9d829b652abbe29c5c6602c2071f435a09,NVIDIA GeForce RTX 2080 Ti,NVIDIA-GeForce-RTX-2080-Ti,GPU-1b9d9ca0-6745-6218-37cb-6ca80fc2d761,pynvml,20.934041095890443,59.880179209169,6.585,292,53.246,10.770639175257728,59.991669895127416,6.109,291,64.362,,ghcr.io/aravadhikari05/gpu-retirement-analysis@sha256:9e62c0de6a56b995a1de66269cb1d26666f099390fb90c83e7aaca9f360877e4,1000,,148.585,,0,676,k8s-haosu-18.sdsc.optiputer.net,203.648,138.45872940309346,resnet_train/20260823T105400Z-resnet_train-r1-p75_power.csv,region,fp32,1,,20260823T105400Z-resnet_train-r1-p75,2026-08-23T10:54:00+00:00,138.4549142140895,20260818,2.5.1+cu121,,,acae053eda706ed0b799e385cda9f5c959881aad3d0e1171c0085f40c10f6bde,"seed, dataset indices and workload shape, not trained weights",config,resnet_train,resnet50,32,1000,1.3745741844177246,5
False,False,139.59284159378004,False,matmul,matmul|n8192|fp32|i2000|s20260818,cuda,595.71.05,torch.float32,28741.451865892373,28722.254,,9f614f9d829b652abbe29c5c6602c2071f435a09,NVIDIA RTX A4000,NVIDIA-RTX-A4000,GPU-3ad43faa-e34c-fe25-9ab1-8c1bed5b8afa,pynvml,25.0573023255814,60.038193388143554,15.557,301,47.319,15.523445182724263,60.040423666127026,15.404,301,15.618,,ghcr.io/aravadhikari05/gpu-retirement-analysis@sha256:9e62c0de6a56b995a1de66269cb1d26666f099390fb90c83e7aaca9f360877e4,2000,2000,120.179,8192,0,1029,ry-gpu-16.sdsc.optiputer.net,140.006,205.88456502789631,matmul/20260823T105445Z-matmul-r2-p57_power.csv,region,fp32,2,137427567278.96912,20260823T105445Z-matmul-r2-p57,2026-08-23T10:54:45+00:00,205.88085056701675,20260818,2.5.1+cu121,2199023255552000,10,3bbd5bd4d6ffd967da24ad12bf21d2c6ce2f3a1bc6b57c8cfd3a7407af188242,"inputs and work shape, not the product",config,matmul,,,,,
False,False,170.53001610541713,False,resnet_train,resnet50|cifar10|fp32|b32|n1000|s20260818,cuda:0,595.91.07,,23830.362937970483,22509.396,,9f614f9d829b652abbe29c5c6602c2071f435a09,NVIDIA GeForce RTX 2080 Ti,NVIDIA-GeForce-RTX-2080-Ti,GPU-1b9d9ca0-6745-6218-37cb-6ca80fc2d761,pynvml,20.934041095890443,59.880179209169,6.585,292,53.246,10.770639175257728,59.991669895127416,6.109,291,64.362,,ghcr.io/aravadhikari05/gpu-retirement-analysis@sha256:9e62c0de6a56b995a1de66269cb1d26666f099390fb90c83e7aaca9f360877e4,1000,,144.55,,0,683,k8s-haosu-18.sdsc.optiputer.net,191.435,139.7499383990653,resnet_train/20260823T105623Z-resnet_train-r2-p75_power.csv,region,fp32,2,,20260823T105623Z-resnet_train-r2-p75,2026-08-23T10:56:23+00:00,139.7470101120416,20260818,2.5.1+cu121,,,acae053eda706ed0b799e385cda9f5c959881aad3d0e1171c0085f40c10f6bde,"seed, dataset indices and workload shape, not trained weights",config,resnet_train,resnet50,32,1000,1.379470705986023,5
False,False,193.83167676767687,False,resnet_train,resnet50|cifar10|fp32|b32|n1000|s20260818,cuda:0,580.178.04,,39367.46367532593,41715.47,,9f614f9d829b652abbe29c5c6602c2071f435a09,NVIDIA GeForce GTX 1080 Ti,NVIDIA-GeForce-GTX-1080-Ti,GPU-3feaff09-dfc5-f477-fd0f-dd4e11826aa2,pynvml,25.763579661016966,59.92676659801509,9.372,295,58.614,17.084423728813558,59.96050078806002,9.716,295,73.411,,ghcr.io/aravadhikari05/gpu-retirement-analysis@sha256:9e62c0de6a56b995a1de66269cb1d26666f099390fb90c83e7aaca9f360877e4,1000,,106.496,,0,990,k8s-gpu-1.ucsc.edu,311.889,203.13898568798322,resnet_train/20260823T105637Z-resnet_train-r4-p78_power.csv,region,fp32,4,,20260823T105637Z-resnet_train-r4-p78,2026-08-23T10:56:37+00:00,203.138586053974,20260818,2.5.1+cu121,,,acae053eda706ed0b799e385cda9f5c959881aad3d0e1171c0085f40c10f6bde,"seed, dataset indices and workload shape, not trained weights",config,resnet_train,resnet50,32,1000,1.4130483865737915,5
False,False,139.59408543689284,False,matmul,matmul|n8192|fp32|i2000|s20260818,cuda,595.71.05,torch.float32,28767.33573177876,28752.273,,9f614f9d829b652abbe29c5c6602c2071f435a09,NVIDIA RTX A4000,NVIDIA-RTX-A4000,GPU-3ad43faa-e34c-fe25-9ab1-8c1bed5b8afa,pynvml,25.0573023255814,60.038193388143554,15.557,301,47.319,15.523445182724263,60.040423666127026,15.404,301,15.618,,ghcr.io/aravadhikari05/gpu-retirement-analysis@sha256:9e62c0de6a56b995a1de66269cb1d26666f099390fb90c83e7aaca9f360877e4,2000,2000,130.475,8192,0,1030,ry-gpu-16.sdsc.optiputer.net,140.052,206.0739585410338,matmul/20260823T105814Z-matmul-r3-p57_power.csv,region,fp32,3,137427567278.96912,20260823T105814Z-matmul-r3-p57,2026-08-23T10:58:14+00:00,206.07013250887394,20260818,2.5.1+cu121,2199023255552000,10,3bbd5bd4d6ffd967da24ad12bf21d2c6ce2f3a1bc6b57c8cfd3a7407af188242,"inputs and work shape, not the product",config,matmul,,,,,
False,False,170.55451169590646,False,resnet_train,resnet50|cifar10|fp32|b32|n1000|s20260818,cuda:0,595.91.07,,23883.9978489942,22511.764,,9f614f9d829b652abbe29c5c6602c2071f435a09,NVIDIA GeForce RTX 2080 Ti,NVIDIA-GeForce-RTX-2080-Ti,GPU-1b9d9ca0-6745-6218-37cb-6ca80fc2d761,pynvml,20.934041095890443,59.880179209169,6.585,292,53.246,10.770639175257728,59.991669895127416,6.109,291,64.362,,ghcr.io/aravadhikari05/gpu-retirement-analysis@sha256:9e62c0de6a56b995a1de66269cb1d26666f099390fb90c83e7aaca9f360877e4,1000,,148.402,,0,684,k8s-haosu-18.sdsc.optiputer.net,191.574,140.03994574700482,resnet_train/20260823T105845Z-resnet_train-r3-p75_power.csv,region,fp32,3,,20260823T105845Z-resnet_train-r3-p75,2026-08-23T10:58:45+00:00,140.03308705007657,20260818,2.5.1+cu121,,,acae053eda706ed0b799e385cda9f5c959881aad3d0e1171c0085f40c10f6bde,"seed, dataset indices and workload shape, not trained weights",config,resnet_train,resnet50,32,1000,1.345278024673462,5
False,False,198.4774341164457,False,resnet_train,resnet50|cifar10|fp32|b32|n1000|s20260818,cuda:0,580.178.04,,40192.045935376365,41713.024,,9f614f9d829b652abbe29c5c6602c2071f435a09,NVIDIA GeForce GTX 1080 Ti,NVIDIA-GeForce-GTX-1080-Ti,GPU-3feaff09-dfc5-f477-fd0f-dd4e11826aa2,pynvml,25.763579661016966,59.92676659801509,9.372,295,58.614,17.084423728813558,59.96050078806002,9.716,295,73.411,,ghcr.io/aravadhikari05/gpu-retirement-analysis@sha256:9e62c0de6a56b995a1de66269cb1d26666f099390fb90c83e7aaca9f360877e4,1000,,117.624,,0,979,k8s-gpu-1.ucsc.edu,329.192,202.41087504499592,resnet_train/20260823T110003Z-resnet_train-r5-p78_power.csv,region,fp32,5,,20260823T110003Z-resnet_train-r5-p78,2026-08-23T11:00:03+00:00,202.40899701497983,20260818,2.5.1+cu121,,,acae053eda706ed0b799e385cda9f5c959881aad3d0e1171c0085f40c10f6bde,"seed, dataset indices and workload shape, not trained weights",config,resnet_train,resnet50,32,1000,1.4285433292388916,5
False,False,170.7761844802342,False,resnet_train,resnet50|cifar10|fp32|b32|n1000|s20260818,cuda:0,595.91.07,,23895.25207322948,22505.685,,9f614f9d829b652abbe29c5c6602c2071f435a09,NVIDIA GeForce RTX 2080 Ti,NVIDIA-GeForce-RTX-2080-Ti,GPU-1b9d9ca0-6745-6218-37cb-6ca80fc2d761,pynvml,20.934041095890443,59.880179209169,6.585,292,53.246,10.770639175257728,59.991669895127416,6.109,291,64.362,,ghcr.io/aravadhikari05/gpu-retirement-analysis@sha256:9e62c0de6a56b995a1de66269cb1d26666f099390fb90c83e7aaca9f360877e4,1000,,147.783,,0,683,k8s-haosu-18.sdsc.optiputer.net,192.742,139.92262255307287,resnet_train/20260823T110108Z-resnet_train-r4-p75_power.csv,region,fp32,4,,20260823T110108Z-resnet_train-r4-p75,2026-08-23T11:01:08+00:00,139.91984670097008,20260818,2.5.1+cu121,,,acae053eda706ed0b799e385cda9f5c959881aad3d0e1171c0085f40c10f6bde,"seed, dataset indices and workload shape, not trained weights",config,resnet_train,resnet50,32,1000,1.3727835416793823,5
False,False,139.58855771096032,False,matmul,matmul|n8192|fp32|i2000|s20260818,cuda,595.71.05,torch.float32,28778.589226051456,28764.673,,9f614f9d829b652abbe29c5c6602c2071f435a09,NVIDIA RTX A4000,NVIDIA-RTX-A4000,GPU-3ad43faa-e34c-fe25-9ab1-8c1bed5b8afa,pynvml,25.0573023255814,60.038193388143554,15.557,301,47.319,15.523445182724263,60.040423666127026,15.404,301,15.618,,ghcr.io/aravadhikari05/gpu-retirement-analysis@sha256:9e62c0de6a56b995a1de66269cb1d26666f099390fb90c83e7aaca9f360877e4,2000,2000,121.834,8192,0,1031,ry-gpu-16.sdsc.optiputer.net,139.952,206.15811336017214,matmul/20260823T110143Z-matmul-r4-p57_power.csv,region,fp32,4,137427567278.96912,20260823T110143Z-matmul-r4-p57,2026-08-23T11:01:43+00:00,206.15147845004685,20260818,2.5.1+cu121,2199023255552000,10,3bbd5bd4d6ffd967da24ad12bf21d2c6ce2f3a1bc6b57c8cfd3a7407af188242,"inputs and work shape, not the product",config,matmul,,,,,
False,False,170.57469883040935,False,resnet_train,resnet50|cifar10|fp32|b32|n1000|s20260818,cuda:0,595.91.07,,23891.576907345592,22531.813,,9f614f9d829b652abbe29c5c6602c2071f435a09,NVIDIA GeForce RTX 2080 Ti,NVIDIA-GeForce-RTX-2080-Ti,GPU-1b9d9ca0-6745-6218-37cb-6ca80fc2d761,pynvml,20.934041095890443,59.880179209169,6.585,292,53.246,10.770639175257728,59.991669895127416,6.109,291,64.362,,ghcr.io/aravadhikari05/gpu-retirement-analysis@sha256:9e62c0de6a56b995a1de66269cb1d26666f099390fb90c83e7aaca9f360877e4,1000,,147.411,,0,684,k8s-haosu-18.sdsc.optiputer.net,194.683,140.0649961400777,resnet_train/20260823T110330Z-resnet_train-r5-p75_power.csv,region,fp32,5,,20260823T110330Z-resnet_train-r5-p75,2026-08-23T11:03:30+00:00,140.0621849950403,20260818,2.5.1+cu121,,,acae053eda706ed0b799e385cda9f5c959881aad3d0e1171c0085f40c10f6bde,"seed, dataset indices and workload shape, not trained weights",config,resnet_train,resnet50,32,1000,1.3136168718338013,5
False,False,139.59153540252186,False,matmul,matmul|n8192|fp32|i2000|s20260818,cuda,595.71.05,torch.float32,28782.71142648733,28761.102,,9f614f9d829b652abbe29c5c6602c2071f435a09,NVIDIA RTX A4000,NVIDIA-RTX-A4000,GPU-3ad43faa-e34c-fe25-9ab1-8c1bed5b8afa,pynvml,25.0573023255814,60.038193388143554,15.557,301,47.319,15.523445182724263,60.040423666127026,15.404,301,15.618,,ghcr.io/aravadhikari05/gpu-retirement-analysis@sha256:9e62c0de6a56b995a1de66269cb1d26666f099390fb90c83e7aaca9f360877e4,2000,2000,109.194,8192,0,1031,ry-gpu-16.sdsc.optiputer.net,139.955,206.17510588187724,matmul/20260823T110513Z-matmul-r5-p57_power.csv,region,fp32,5,137427567278.96912,20260823T110513Z-matmul-r5-p57,2026-08-23T11:05:13+00:00,206.17136191087775,20260818,2.5.1+cu121,2199023255552000,10,3bbd5bd4d6ffd967da24ad12bf21d2c6ce2f3a1bc6b57c8cfd3a7407af188242,"inputs and work shape, not the product",config,matmul,,,,,
False,False,138.14580649188517,False,resnet_train,resnet50|cifar10|fp32|b32|n1000|s20260818,cuda:0,595.71.05,,22139.648505118763,22134.243,,9f614f9d829b652abbe29c5c6602c2071f435a09,NVIDIA RTX A4000,NVIDIA-RTX-A4000,GPU-3ad43faa-e34c-fe25-9ab1-8c1bed5b8afa,pynvml,25.291863333333307,59.839687960920855,15.42,300,47.887,19.73005647840535,60.04426044714637,15.516,301,72.051,,ghcr.io/aravadhikari05/gpu-retirement-analysis@sha256:9e62c0de6a56b995a1de66269cb1d26666f099390fb90c83e7aaca9f360877e4,1000,,117.452,,0,801,ry-gpu-16.sdsc.optiputer.net,139.612,160.28939020913094,resnet_train/20260823T111001Z-resnet_train-r1-p79_power.csv,region,fp32,1,,20260823T111001Z-resnet_train-r1-p79,2026-08-23T11:10:01+00:00,160.28587786713615,20260818,2.5.1+cu121,,,acae053eda706ed0b799e385cda9f5c959881aad3d0e1171c0085f40c10f6bde,"seed, dataset indices and workload shape, not trained weights",config,resnet_train,resnet50,32,1000,1.3075389862060547,5
False,False,138.21189343246616,False,resnet_train,resnet50|cifar10|fp32|b32|n1000|s20260818,cuda:0,595.71.05,,22328.233117973166,22325.757,,9f614f9d829b652abbe29c5c6602c2071f435a09,NVIDIA RTX A4000,NVIDIA-RTX-A4000,GPU-3ad43faa-e34c-fe25-9ab1-8c1bed5b8afa,pynvml,25.291863333333307,59.839687960920855,15.42,300,47.887,19.73005647840535,60.04426044714637,15.516,301,72.051,,ghcr.io/aravadhikari05/gpu-retirement-analysis@sha256:9e62c0de6a56b995a1de66269cb1d26666f099390fb90c83e7aaca9f360877e4,1000,,109.462,,0,807,ry-gpu-16.sdsc.optiputer.net,139.727,161.55663547408767,resnet_train/20260823T111245Z-resnet_train-r2-p79_power.csv,region,fp32,2,,20260823T111245Z-resnet_train-r2-p79,2026-08-23T11:12:45+00:00,161.5530429428909,20260818,2.5.1+cu121,,,acae053eda706ed0b799e385cda9f5c959881aad3d0e1171c0085f40c10f6bde,"seed, dataset indices and workload shape, not trained weights",config,resnet_train,resnet50,32,1000,1.317560076713562,5
False,False,138.26197270471462,False,resnet_train,resnet50|cifar10|fp32|b32|n1000|s20260818,cuda:0,595.71.05,,22288.01749419379,22276.258,,9f614f9d829b652abbe29c5c6602c2071f435a09,NVIDIA RTX A4000,NVIDIA-RTX-A4000,GPU-3ad43faa-e34c-fe25-9ab1-8c1bed5b8afa,pynvml,25.291863333333307,59.839687960920855,15.42,300,47.887,19.73005647840535,60.04426044714637,15.516,301,72.051,,ghcr.io/aravadhikari05/gpu-retirement-analysis@sha256:9e62c0de6a56b995a1de66269cb1d26666f099390fb90c83e7aaca9f360877e4,1000,,130.047,,0,806,ry-gpu-16.sdsc.optiputer.net,139.515,161.2025368360337,resnet_train/20260823T111528Z-resnet_train-r3-p79_power.csv,region,fp32,3,,20260823T111528Z-resnet_train-r3-p79,2026-08-23T11:15:28+00:00,161.1951763338875,20260818,2.5.1+cu121,,,acae053eda706ed0b799e385cda9f5c959881aad3d0e1171c0085f40c10f6bde,"seed, dataset indices and workload shape, not trained weights",config,resnet_train,resnet50,32,1000,1.4678107500076294,5
False,False,138.261142503098,False,resnet_train,resnet50|cifar10|fp32|b32|n1000|s20260818,cuda:0,595.71.05,,22343.464774236694,22333.034,,9f614f9d829b652abbe29c5c6602c2071f435a09,NVIDIA RTX A4000,NVIDIA-RTX-A4000,GPU-3ad43faa-e34c-fe25-9ab1-8c1bed5b8afa,pynvml,25.291863333333307,59.839687960920855,15.42,300,47.887,19.73005647840535,60.04426044714637,15.516,301,72.051,,ghcr.io/aravadhikari05/gpu-retirement-analysis@sha256:9e62c0de6a56b995a1de66269cb1d26666f099390fb90c83e7aaca9f360877e4,1000,,116.286,,0,807,ry-gpu-16.sdsc.optiputer.net,139.47,161.60432815295644,resnet_train/20260823T111812Z-resnet_train-r4-p79_power.csv,region,fp32,4,,20260823T111812Z-resnet_train-r4-p79,2026-08-23T11:18:12+00:00,161.6007743519731,20260818,2.5.1+cu121,,,acae053eda706ed0b799e385cda9f5c959881aad3d0e1171c0085f40c10f6bde,"seed, dataset indices and workload shape, not trained weights",config,resnet_train,resnet50,32,1000,1.3246886730194092,5
False,False,138.25210148514853,False,resnet_train,resnet50|cifar10|fp32|b32|n1000|s20260818,cuda:0,595.71.05,,22347.50906465553,22338.681,,9f614f9d829b652abbe29c5c6602c2071f435a09,NVIDIA RTX A4000,NVIDIA-RTX-A4000,GPU-3ad43faa-e34c-fe25-9ab1-8c1bed5b8afa,pynvml,25.291863333333307,59.839687960920855,15.42,300,47.887,19.73005647840535,60.04426044714637,15.516,301,72.051,,ghcr.io/aravadhikari05/gpu-retirement-analysis@sha256:9e62c0de6a56b995a1de66269cb1d26666f099390fb90c83e7aaca9f360877e4,1000,,109.869,,0,808,ry-gpu-16.sdsc.optiputer.net,139.403,161.6428217268549,resnet_train/20260823T112056Z-resnet_train-r5-p79_power.csv,region,fp32,5,,20260823T112056Z-resnet_train-r5-p79,2026-08-23T11:20:56+00:00,161.63536903401837,20260818,2.5.1+cu121,,,acae053eda706ed0b799e385cda9f5c959881aad3d0e1171c0085f40c10f6bde,"seed, dataset indices and workload shape, not trained weights",config,resnet_train,resnet50,32,1000,1.4326674938201904,5
